numero_ssa,situacao,derivada_de,localizacao_codigo,descricao_localizacao,equipamento,semana_cadastro,data_cadastro,descricao_ssa,setor_emissor,setor_executor,solicitante,servico_origem,grau_prioridade_emissao,grau_prioridade_planejamento,execucao_simples,responsavel_programacao,semana_programada,responsavel_execucao,descricao_execucao,prazo_limite,tempo_disponivel,data_limite,tempo_excedido,desde,tempo_total,desde_1,total_tempo_tpe_planejado,total_tempo_tex_planejado,total_tempo_tpo_planejado,total_horas_programadas,semana_executada,num_reprogramacoes,execucao_parcial,anomalia,sistema_origem
176,SPG,202509809,T075Q002,SERVIDOR BITRAS1 - EMS SCADA E APLICATIVOS,0921.051-7,,2025-07-14 07:07:50,"Alterar el campo LLIM5 para 18 puntos de la tabla SOANLG, relacionados a la supervisión del nivel del tanque de expansión del sistema de agua pura en unidades convencionales, según solicitado en la SSA 202509809 y conforme archivo anexo.",OUO0,IEE3,GAMARRA WALTER GUILLERMO DANIEL,S2.6,,,Não,,202529.0,,,,,,,,,,,,,,,,,,
189,SPG,202507958,T075Q002,SERVIDOR BITRAS1 - EMS SCADA E APLICATIVOS,0921.051-7,,2025-06-09 14:00:02,"Desativar o ponto de supervisão ITEMNB 021685 devido ao comissionamento do painel de supervisão de vibrações e pressões SVP-02 conforme planilha anexa.

Coordenar os trabalhos com o MEL1.",IEE1,IEE3,GABRIEL TRIERWEILER RIBEIRO,S3.7,,,Não,,202532.0,,,,,,,,,,,,,,,,,,
200,SPG,,T075Q002,SERVIDOR BITRAS1 - EMS SCADA E APLICATIVOS,0921.051-7,,2025-06-09 09:05:40,"Solicito parecer técnico para inclusión de puntos de supervisión referente al modulo D20C de las remotas UTR534, UTR540, UTR632, UTR640 mas detalles en anexo.
",MEL4,IEE3,SALINAS MARTINEZ PABLO CESAR,S1,,,Não,,202532.0,,,,,,,,,,,,,,,,,,
202,SPG,,A002R001,UNIDADE TERMINAL REMOTA - UTR502,0919.003-1,,2025-05-27 10:28:39,"Solicitamos apoio para ensaios ponto-a-ponto, resistência de isolação e conexão à UTR dos novos cabos do painel SVP-02 durante comissionamento do painel (SSA 202507677). Atualizar a base de dados do sistema SCADA com novos pontos de alarme do sistema.",IEQ1,IEE3,HUGO QUEIROZ DE SANTANA,S3.6,,,Não,,202524.0,,,,,,,,,,,,,,,,,,
213,SPG,,A005R001,UNIDADE TERMINAL REMOTA - UTR505,0919.008-2,,2025-05-09 08:01:16,"Solicitamos apoio para ensaios ponto-a-ponto, resistência de isolação e conexão à UTR dos novos cabos do painel SVP-05 durante comissionamento do painel (SSA 202507123). Atualizar a base de dados do sistema SCADA com novos pontos de alarme do sistema.",IEQ1,IEE3,ZARATE DUARTE HUGO MAURICIO,S3.6,,,Não,,202528.0,,,,,,,,,,,,,,,,,,
215,SPG,,A005R002,UNIDADE TERMINAL REMOTA - UTR505-1,0919.009-0,,2025-04-30 10:08:31,Solicitamos apoyo para ensayo de cable EU05-1010 de interconexión con el tablero PSDF-05. Además implementar y actualizar base de datos del sistema SCADA y PI (similar al DPS-97 del PSDF-06) . El tablero PSDF-05 será instalado durante PD con la SSA 202506770. Ref. AR/SMI.DT/0014/2025.,IEQ1,IEE3,ALARCON CABALLERO RODRIGO GUILLERMO CANDIDO,S3.7,,,Não,,202526.0,,,,,,,,,,,,,,,,,,
751,SPG,,T075Q002,SERVIDOR BITRAS1 - EMS SCADA E APLICATIVOS,0921.051-7,,2025-06-24 16:44:45,"SOLICITAMOS APOIO COM INTERVENÇÃO AO FABRICANTE HITACHI PARA SOLUÇÃO DA SSA. 202509729, REFERNTE A ERRO DIZENDO QUE O OBJETO ""SOURCE1"" DA TABELA ""DBA_REPGROUP"" ESTÁ ""QUIESCED"" (SILENCIADO).",MEL4,IEE3,DANILO NADAL,S1,,,Não,,202529.0,,,,,,,,,,,,,,,,,,
752,SPG,,T075R006,SERVIDOR BITDMC2 - EMS SERVIDOR DMC,0921.064-6,,2025-06-17 13:58:32,"Solicito suporte na investigação e resolução da geração anormal de logs do Windows, que resultou na ocupação total do disco C:\ em 17/06/2025, conforme SSA 202509379.",MEL4,IEE3,GUSTAVO BOMFIM MEDEIRO,S3.10,,,Não,,202529.0,,,,,,,,,,,,,,,,,,
1359,SPG,202501307,E114P005,ESTAÇÃO DE SUPERVISÃO E CONTROLE IHM LOCAL 2S-L1314-2CRL2,3003.005-2,,2025-01-31 08:08:08,"Realizar modificación de descriptivo y par de mensajes de punto sobre falla de los IEDs IP5V13/IA5V13, conforme anexo.",IEE3,MEL4,VILLAR RIVAS ALBERTO,S3.6,,,Não,,202551.0,,,,,,,,,,,,,,,,,,
1666,SPG,,T091E009,MONITOR No. 09 E ACESSÓRIOS,1013.013-9,,2025-07-22 10:41:50,"Monitor com falha na comunicação entre controladora e monitor, fica oscilando entre tela toda preta e a tela configurada. ",OSO0,MEL4,BRUNO AUGUSTO BASTIANI,S2.6,,,Não,,202530.0,,,,,,,,,,,,,,,,,,
1672,SPG,,C043F001,QUADRO DE COMUNICACAO IHM-CF50,2311.001-3,,2025-07-18 13:59:01,Verificar y corregir el funcionamiento de las tomadas de corriente del panel. Ref.: SSP 20250842 (Nota en el ítem 9 de la localización C043F001). En anexo el diagrama funcional. ,IEE3,MEL4,VILLAR RIVAS ALBERTO,S2,,,Não,,202532.0,,,,,,,,,,,,,,,,,,
1678,SPG,202510683,A007R001,UNIDADE TERMINAL REMOTA - UTR507,0919.012-0,,2025-07-17 08:47:52,"Em complemento as mudanças no DB do scada solicitadas na ssa 202511299, realizar as alterações correspondentes na UTR-507.",IEE3,MEL4,MAURICIO MENON,S3.7,,,Não,,202530.0,,,,,,,,,,,,,,,,,,
1681,SPG,202510367,A007R001,UNIDADE TERMINAL REMOTA - UTR507,0919.012-0,,2025-07-16 11:27:14,"Testar, desconectar, isolar e passar à reserva o condutor 18 do cabo EU07-0008 de interligação com o ULP-07 referente ao comissionamento do painel de supervisão de vibrações e pressões SVP-07.

Coordenar os trabalhos com o MEL1.",IEE3,MEL4,MAURICIO MENON,S3.7,,,Não,,202530.0,,,,,,,,,,,,,,,,,,
1687,SPG,202510781,D001J007,SWITCH1-A (SW1-A),2438.010-3,,2025-07-14 14:08:51,"Verificar  switch debido a que el medidor M73A se encuentra con problemas de comunicación con el SMF. Aparente problema con puerto.
",ILA3,MEL4,PRIETO VILLALBA PABLO AUGUSTO,S3.3,,,Não,,202531.0,,,,,,,,,,,,,,,,,,
1688,SPG,,A007R002,UNIDADE TERMINAL REMOTA - UTR507-1,0919.013-9,,2025-07-14 08:05:06,"Sustituir los transductores de temperatura PT-100 de la UTR 507-1 por nuevos modelos de transductores (Cod. de Stock: 717426). Este servicio es en el marco de la renovación de los transductores de temperatura de las UTRs vinculadas a las UGs, de manera a disminuir la tasa de fallas de dichos conversores/UTRs. Servicio a ser realizado en el PD de la UG-07 programado para los días 21/07/25 al 08/08/25. Transductores nuevos a instalar en Almacén.",IEE3,MEL4,SILVA VARGAS FRANCISCO JAVIER,S3.7,,,Não,,202530.0,,,,,,,,,,,,,,,,,,
1689,SPG,,A007R002,UNIDADE TERMINAL REMOTA - UTR507-1,0919.013-9,,2025-07-14 08:05:12,"Sustituir los módulos analógicos D20A de la UTR por nuevos módulos (Acrylic Display Cover + WESDAC Logic Panel + WESTERM Terminal Panel). Este servicio es en el marco de la renovación de los módulos D20A de las UTRs vinculadas a las UGs, de manera a disminuir la tasa de fallas de dichos módulos/UTRs. Servicio a ser realizado en el PD de la UG-07 programado para los días 21/07/25 al 08/08/25. Módulos nuevos en la plataforma de ensayos y pruebas de la SMIN.DT El.115.",IEE3,MEL4,SILVA VARGAS FRANCISCO JAVIER,S3.6,,,Não,,202530.0,,,,,,,,,,,,,,,,,,
1690,SPG,,A007R001,UNIDADE TERMINAL REMOTA - UTR507,0919.012-0,,2025-07-14 08:05:17,"Sustituir el módulo analógico D20A de la UTR por un nuevo módulo (Acrylic Display Cover + WESDAC Logic Panel + WESTERM Terminal Panel). Este servicio es en el marco de la renovación de los módulos D20A de las UTRs vinculadas a las UGs, de manera a disminuir la tasa de fallas de dichos módulos/UTRs. Servicio a ser realizado en el PD de la UG-07 programado para los días 21/07/25 al 08/08/25. Módulos nuevos en la plataforma de ensayos y pruebas de la SMIN.DT El.115.",IEE3,MEL4,SILVA VARGAS FRANCISCO JAVIER,S3.7,,,Não,,202531.0,,,,,,,,,,,,,,,,,,
1692,SPG,202509975,A007R002,UNIDADE TERMINAL REMOTA - UTR507-1,0919.013-9,,2025-07-14 08:05:34,Realizar en coordinación con MEG1 pruebas punto a punto y megger en el cable EU07-1010. Posteriormente conectar los hilos 11/12/13/14/15/16 de dicho cable en los bornes 699/700/701/702/703/704 de la regla TB-10. Adicionalmente registrar en la DB de la UTR nuevos puntos digitales detallados en documentos adjuntos. Servicio relacionado a la implementación del sistema de supervisión de frenos de la U07 (PSDF-07). Servicio a ser realizado en el PD de la UG-07 durante los días 21/07/25 - 08/08/25.,IEE3,MEL4,SILVA VARGAS FRANCISCO JAVIER,S3.6,,,Não,,202531.0,,,,,,,,,,,,,,,,,,
1705,SPG,,T075W033,CONSOLE BITCON29,0920.091-7,,2025-07-10 17:13:11,"Desinstalar, trasladar e instalar la consola del SCADA correspondiente a la SMME.DT en su nueva ubicación, en el 1er piso del Edificio de Mantenimiento, debido a la reforma del Edificio de Producción. El servicio está previsto inicialmente para el día 12/07/2025, en el marco de la migración de las consolas del SCADA NMR5 al nuevo Edificio de Mantenimiento.",IEE3,MEL4,SILVA VARGAS FRANCISCO JAVIER,S3.6,,,Não,,202531.0,,,,,,,,,,,,,,,,,,
1707,SPG,,T075W020,CONSOLE BITCON16,0920.078-2,,2025-07-08 11:03:20,"Desinstalar, trasladar e instalar la consola en su nueva ubicación, en la planta baja del Edificio de Mantenimiento, debido a la reforma del Edificio de Producción. Los detalles de la nueva ubicación de la consola se encuentran en el documento adjunto. El servicio está previsto para el día 12/07/2025, en el marco de la migración de las consolas del SCADA NMR5 al nuevo Edificio de Mantenimiento. Coordinar con Mauricio Menon (SMIN.DT).",IEE3,MEL4,SILVA VARGAS FRANCISCO JAVIER,S3.6,,,Não,,202531.0,,,,,,,,,,,,,,,,,,
1708,SPG,,K010C001,PAINEL DE SUPERVISAO E COMUNICACAO 5S-CD01,3279.001-2,,2025-07-08 05:55:25,Verificar e solucionar motivo do acionamento do alarme de falha da UTR CD01 com atuação dos alarmes em anexo.,OUO6,MEL4,JOSE ROBERTO DE MACEDO,S2.3,,,Não,,202532.0,,,,,,,,,,,,,,,,,,
1710,SPG,202507176,E114P006,GATEWAY RTU 2S-L1314-2CRL2-GTW1,2980.010-3,,2025-07-07 15:04:28,"Verificar e corrigir pontos inválidos referentes a função 68 das linhas YZU1 e YZU2, enviados do Gateway com a qualidade ""Qb0:11"" para o Sistema SCC. Verificar como que o Gateway recebe do IED estes pontos.",MEL4,MEL4,OTAVIO ALEXANDRE NICOLAU,S1,,,Não,,202532.0,,,,,,,,,,,,,,,,,,
1711,SPG,202507048,E114P006,GATEWAY RTU 2S-L1314-2CRL2-GTW1,2980.010-3,,2025-07-07 14:14:59,Verificar e corrigir falha de telemetria dos pontos de tensão e frequência das proteções PP e PA da LI YZU2 recebidos nos Sistemas SCC e SCADA.,MEL4,MEL4,OTAVIO ALEXANDRE NICOLAU,S1,,,Não,,202532.0,,,,,,,,,,,,,,,,,,
1715,SPG,,T075W021,CONSOLE BITCON17,0920.079-4,,2025-07-07 07:53:47,"Desinstalar, trasladar e instalar la consola en su nueva ubicación, en el segundo piso del Edificio de Mantenimiento, debido a la reforma del Edificio de Producción. Los detalles de la nueva ubicación de las consolas se encuentran en los documentos adjuntos y en sus respectivos escritorios del Edificio de Mantenimiento. Coordinar el servicio con OP.DT (Sandra de GSS).",IEE3,MEL4,SILVA VARGAS FRANCISCO JAVIER,S3.6,,,Não,,202531.0,,,,,,,,,,,,,,,,,,
1716,SPG,,T075W029,CONSOLE BITCON25,0920.087-4,,2025-07-07 07:53:52,"Desinstalar, trasladar e instalar la consola en su nueva ubicación, en el segundo piso del Edificio de Mantenimiento, debido a la reforma del Edificio de Producción. Los detalles de la nueva ubicación de las consolas se encuentran en los documentos adjuntos y en sus respectivos escritorios del Edificio de Mantenimiento. Coordinar el servicio con OP.DT (Sandra de GSS).",IEE3,MEL4,SILVA VARGAS FRANCISCO JAVIER,S3.6,,,Não,,202531.0,,,,,,,,,,,,,,,,,,
1717,SPG,,T075W028,CONSOLE BITCON24,0920.086-2,,2025-07-07 07:53:53,"Desinstalar, trasladar e instalar la consola en su nueva ubicación, en el segundo piso del Edificio de Mantenimiento, debido a la reforma del Edificio de Producción. Los detalles de la nueva ubicación de las consolas se encuentran en los documentos adjuntos y en sus respectivos escritorios del Edificio de Mantenimiento. Coordinar el servicio con OP.DT (Sandra de GSS).",IEE3,MEL4,SILVA VARGAS FRANCISCO JAVIER,S3.6,,,Não,,202531.0,,,,,,,,,,,,,,,,,,
1718,SPG,,T075W027,CONSOLE BITCON23,0920.085-0,,2025-07-07 07:53:56,"Desinstalar, trasladar e instalar la consola en su nueva ubicación, en el segundo piso del Edificio de Mantenimiento, debido a la reforma del Edificio de Producción. Los detalles de la nueva ubicación de las consolas se encuentran en los documentos adjuntos y en sus respectivos escritorios del Edificio de Mantenimiento. Coordinar el servicio con OP.DT (Sandra de GSS).",IEE3,MEL4,SILVA VARGAS FRANCISCO JAVIER,S3.6,,,Não,,202531.0,,,,,,,,,,,,,,,,,,
1719,SPG,,T075W025,CONSOLE BITCON21,0920.083-7,,2025-07-07 07:53:57,"Desinstalar, trasladar e instalar la consola en su nueva ubicación, en el segundo piso del Edificio de Mantenimiento, debido a la reforma del Edificio de Producción. Los detalles de la nueva ubicación de las consolas se encuentran en los documentos adjuntos y en sus respectivos escritorios del Edificio de Mantenimiento. Coordinar el servicio con OP.DT (Sandra de GSS).",IEE3,MEL4,SILVA VARGAS FRANCISCO JAVIER,S3.6,,,Não,,202531.0,,,,,,,,,,,,,,,,,,
1720,SPG,,T075W034,CONSOLE BITCON30,0920.092-9,,2025-07-07 07:53:49,"Desinstalar, trasladar e instalar la consola en su nueva ubicación, en el segundo piso del Edificio de Mantenimiento, debido a la reforma del Edificio de Producción. Los detalles de la nueva ubicación de las consolas se encuentran en los documentos adjuntos y en sus respectivos escritorios del Edificio de Mantenimiento. Coordinar el servicio con OP.DT (Sandra de GSS).",IEE3,MEL4,SILVA VARGAS FRANCISCO JAVIER,S3.6,,,Não,,202531.0,,,,,,,,,,,,,,,,,,
1721,SPG,,M092A030,SWA-DT-01-01 - SCADA - EM,1489.057-4,,2025-07-04 16:58:57,"Conectar cordones eléctricos Ethernet RJ45 en los puertos del switch correspondientes a las consolas BITCON 16, 17, 21, 23, 24, 25, 28, 29 y 30, provenientes de los puertos de red de los patch panels PP_09_02 y PP_10_02, vinculados a las tomas donde serán conectadas dichas consolas. El servicio se realizará el 12/07/2025, en el marco de la migración de las consolas del SCADA NMR5 al nuevo Edificio de Mantenimiento. El material está con la SMIN.DT.",IEE3,MEL4,SILVA VARGAS FRANCISCO JAVIER,S3.6,,,Não,,202531.0,,,,,,,,,,,,,,,,,,
1722,SPG,,M092A030,SWA-DT-01-01 - SCADA - EM,1489.057-4,,2025-07-04 16:59:01,"Montar e instalar switch BITOFSW1 en el Rack 01Activo del Edificio de Mantenimiento en la última posición inferior del rack. Luego, conectar cordón óptico dúplex SM en el puerto G1 del switch proveniente de los puertos 11/12 del BEO/DIO 01-01 del mismo rack. Servicio a realizarse el 12/07/25 en el ámbito de la migración de las consolas del SCADA NMR5 al nuevo Edificio de Mantenimiento. Material con la SMIN.DT.",IEE3,MEL4,SILVA VARGAS FRANCISCO JAVIER,S3.6,,,Não,,202531.0,,,,,,,,,,,,,,,,,,
1724,SPG,,T075U007,SWITCH BITOFSW1,3136.007-5,,2025-07-04 11:30:53,"Desinstalar, desmontar y realizar el mapeo-correlación de los puertos - hosts del switch, especialmente los correspondientes a las consolas BITCON 16, 17, 21, 23, 24, 25, 28, 29 y 30 y posteriormente trasladar al nuevo Edificio de Mantenimiento para su reinstalación. Servicio a realizarse el 12/07 en el ámbito de la migración de las consolas del SCADA NMR5 al nuevo Edif. de Mant.",IEE3,MEL4,SILVA VARGAS FRANCISCO JAVIER,S3.6,,,Não,,202531.0,,,,,,,,,,,,,,,,,,
1725,SPG,,T075U002,SWITCH BITCOSW1,3139.001-8,,2025-07-04 11:30:57,"Desconectar cordones ópticos conectados en el módulo/puerto S3.P4 proveniente del DIO LDR, OFFICE, CCR-01 (Puertos: CN 13, 14) del panel MODEMS 1 y limpiar/conectar cordones ópticos monomodo (sueltos de color amarillo en el panel) provenientes del BEO/DIO cassete 01 (Puertos: 11, 12) del rack de la SOPHO 50Hz (Sala TELECOM 50Hz), en el mismo módulo/puerto S3.P4 del switch BITCOSW1. Servicio a realizarse el 12/07 en el ámbito de la migración de las consolas del SCADA NMR5 al nuevo Edif. de Mant.",IEE3,MEL4,SILVA VARGAS FRANCISCO JAVIER,S3.6,,,Não,,202531.0,,,,,,,,,,,,,,,,,,
1762,SPG,,A009R001,UNIDADE TERMINAL REMOTA - UTR509,0919.016-3,,2025-07-01 11:42:22,"Adecuar la configuración de la UTR, de modo que los mapas de direccionamiento de los puntos también sean reportados vía el protocolo de comunicación IEC 60870-5-104 al nuevo sistema SCADA/EMS (e-Terra), a través de los puertos Ethernet eléctricos (RJ45) de la CPU D20MX. Considerar los documentos adjuntos para la configuración. Este servicio es en el marco del PAT, en el ámbito del SCADA/EMS.",IEE3,MEL4,MAURICIO MENON,S3.7,,,Não,,202530.0,,,,,,,,,,,,,,,,,,
1763,SPG,,A009R002,UNIDADE TERMINAL REMOTA - UTR509-1,0919.017-1,,2025-07-01 11:42:27,"Adecuar la configuración de la UTR, de modo que los mapas de direccionamiento de los puntos también sean reportados vía el protocolo de comunicación IEC 60870-5-104 al nuevo sistema SCADA/EMS (e-Terra), a través de los puertos Ethernet eléctricos (RJ45) de la CPU D20MX. Considerar los documentos adjuntos para la configuración. Este servicio es en el marco del PAT, en el ámbito del SCADA/EMS.",IEE3,MEL4,MAURICIO MENON,S3.7,,,Não,,202530.0,,,,,,,,,,,,,,,,,,
1764,SPG,,B011R001,UNIDADE TERMINAL REMOTA - UTR611,0919.020-1,,2025-07-01 11:42:33,"Adecuar la configuración de la UTR, de modo que los mapas de direccionamiento de los puntos también sean reportados vía el protocolo de comunicación IEC 60870-5-104 al nuevo sistema SCADA/EMS (e-Terra), a través de los puertos Ethernet eléctricos (RJ45) de la CPU D20MX. Considerar los documentos adjuntos para la configuración. Este servicio es en el marco del PAT, en el ámbito del SCADA/EMS.",IEE3,MEL4,MAURICIO MENON,S3.7,,,Não,,202530.0,,,,,,,,,,,,,,,,,,
1765,SPG,,B011R002,UNIDADE TERMINAL REMOTA - UTR611-1,0919.021-0,,2025-07-01 11:42:39,"Adecuar la configuración de la UTR, de modo que los mapas de direccionamiento de los puntos también sean reportados vía el protocolo de comunicación IEC 60870-5-104 al nuevo sistema SCADA/EMS (e-Terra), a través de los puertos Ethernet eléctricos (RJ45) de la CPU D20MX. Considerar los documentos adjuntos para la configuración. Este servicio es en el marco del PAT, en el ámbito del SCADA/EMS.",IEE3,MEL4,MAURICIO MENON,S3.7,,,Não,,202530.0,,,,,,,,,,,,,,,,,,
1766,SPG,,B012R001,UNIDADE TERMINAL REMOTA - UTR612,0919.022-8,,2025-07-01 11:42:44,"Adecuar la configuración de la UTR, de modo que los mapas de direccionamiento de los puntos también sean reportados vía el protocolo de comunicación IEC 60870-5-104 al nuevo sistema SCADA/EMS (e-Terra), a través de los puertos Ethernet eléctricos (RJ45) de la CPU D20MX. Considerar los documentos adjuntos para la configuración. Este servicio es en el marco del PAT, en el ámbito del SCADA/EMS.",IEE3,MEL4,MAURICIO MENON,S3.7,,,Não,,202530.0,,,,,,,,,,,,,,,,,,
1767,SPG,,B012R002,UNIDADE TERMINAL REMOTA - UTR612-1,0919.023-6,,2025-07-01 11:42:50,"Adecuar la configuración de la UTR, de modo que los mapas de direccionamiento de los puntos también sean reportados vía el protocolo de comunicación IEC 60870-5-104 al nuevo sistema SCADA/EMS (e-Terra), a través de los puertos Ethernet eléctricos (RJ45) de la CPU D20MX. Considerar los documentos adjuntos para la configuración. Este servicio es en el marco del PAT, en el ámbito del SCADA/EMS.",IEE3,MEL4,MAURICIO MENON,S3.7,,,Não,,202530.0,,,,,,,,,,,,,,,,,,
1768,SPG,,B013R001,UNIDADE TERMINAL REMOTA - UTR613,0919.024-4,,2025-07-01 11:42:57,"Adecuar la configuración de la UTR, de modo que los mapas de direccionamiento de los puntos también sean reportados vía el protocolo de comunicación IEC 60870-5-104 al nuevo sistema SCADA/EMS (e-Terra), a través de los puertos Ethernet eléctricos (RJ45) de la CPU D20MX. Considerar los documentos adjuntos para la configuración. Este servicio es en el marco del PAT, en el ámbito del SCADA/EMS.",IEE3,MEL4,MAURICIO MENON,S3.7,,,Não,,202530.0,,,,,,,,,,,,,,,,,,
1769,SPG,,B013R002,UNIDADE TERMINAL REMOTA - UTR613-1,0919.025-2,,2025-07-01 11:43:03,"Adecuar la configuración de la UTR, de modo que los mapas de direccionamiento de los puntos también sean reportados vía el protocolo de comunicación IEC 60870-5-104 al nuevo sistema SCADA/EMS (e-Terra), a través de los puertos Ethernet eléctricos (RJ45) de la CPU D20MX. Considerar los documentos adjuntos para la configuración. Este servicio es en el marco del PAT, en el ámbito del SCADA/EMS.",IEE3,MEL4,MAURICIO MENON,S3.7,,,Não,,202530.0,,,,,,,,,,,,,,,,,,
1770,SPG,,B014R001,UNIDADE TERMINAL REMOTA - UTR614,0919.026-0,,2025-07-01 10:51:43,"Adecuar la configuración de la UTR, de modo que los mapas de direccionamiento de los puntos también sean reportados vía el protocolo de comunicación IEC 60870-5-104 al nuevo sistema SCADA/EMS (e-Terra), a través de los puertos Ethernet eléctricos (RJ45) de la CPU D20MX. Considerar los documentos adjuntos para la configuración. Este servicio es en el marco del PAT, en el ámbito del SCADA/EMS.",IEE3,MEL4,MAURICIO MENON,S3.7,,,Não,,202530.0,,,,,,,,,,,,,,,,,,
1771,SPG,,B014R002,UNIDADE TERMINAL REMOTA - UTR614-1,0919.027-9,,2025-07-01 10:51:49,"Adecuar la configuración de la UTR, de modo que los mapas de direccionamiento de los puntos también sean reportados vía el protocolo de comunicación IEC 60870-5-104 al nuevo sistema SCADA/EMS (e-Terra), a través de los puertos Ethernet eléctricos (RJ45) de la CPU D20MX. Considerar los documentos adjuntos para la configuración. Este servicio es en el marco del PAT, en el ámbito del SCADA/EMS.",IEE3,MEL4,MAURICIO MENON,S3.7,,,Não,,202530.0,,,,,,,,,,,,,,,,,,
1772,SPG,,B015R001,UNIDADE TERMINAL REMOTA - UTR615,0919.028-7,,2025-07-01 10:51:56,"Adecuar la configuración de la UTR, de modo que los mapas de direccionamiento de los puntos también sean reportados vía el protocolo de comunicación IEC 60870-5-104 al nuevo sistema SCADA/EMS (e-Terra), a través de los puertos Ethernet eléctricos (RJ45) de la CPU D20MX. Considerar los documentos adjuntos para la configuración. Este servicio es en el marco del PAT, en el ámbito del SCADA/EMS.",IEE3,MEL4,MAURICIO MENON,S3.7,,,Não,,202530.0,,,,,,,,,,,,,,,,,,
1773,SPG,,B015R002,UNIDADE TERMINAL REMOTA - UTR615-1,0919.029-5,,2025-07-01 10:52:03,"Adecuar la configuración de la UTR, de modo que los mapas de direccionamiento de los puntos también sean reportados vía el protocolo de comunicación IEC 60870-5-104 al nuevo sistema SCADA/EMS (e-Terra), a través de los puertos Ethernet eléctricos (RJ45) de la CPU D20MX. Considerar los documentos adjuntos para la configuración. Este servicio es en el marco del PAT, en el ámbito del SCADA/EMS.",IEE3,MEL4,MAURICIO MENON,S3.7,,,Não,,202530.0,,,,,,,,,,,,,,,,,,
1822,SPG,,M066Y040,RACK UTA-00,3204.002-8,,2025-07-07 07:51:21,"Realizar descomissionamento, desenergização e desconexão de Rack UTA-00. Coordenar atividade com Painel QDF-UPS e Rack 6(DIO) com SITT.AA (Contato: Silvio Silvestre ou Diego Martins).
Realizar desmontagem de miscelâneas componentes de rack que podem ser utilizadas como material de reposição para outras UTAs.
Pré-requisito: 1- Descomissionamento e desconexão dos equipamentos internos e APs do SIRI
2-Desativ./Migração dos Equipamentos internos de outros sistemas: SCADA e ESAI (SSAs de IEE3)",IEE4,MEL4,MARCOS ALOE YAMAMOTO,S3.5,,,Não,,202530.0,,,,,,,,,,,,,,,,,,
6046,SPG,,M066J001,SWITCH DE ACESSO SIRI-UTA07-SWA01,1355.024-4,,2025-04-24 08:04:10,Favor modificar y disponibilizar diseño en el sistema SATedms 6018DFC9524P(5)R7 y 6018DFC9524P(6)R3. Referencia SSA: 202501261.,MEL4,IEE4,SALINAS MARTINEZ PABLO CESAR,S1,,,Não,,202530.0,,,,,,,,,,,,,,,,,,
6050,SPG,202407914,C080D001,SERVIDOR DO SISTEMA SMG 50/60 HZ,2487.001-2,,2024-06-11 10:29:18,"DEBIDO A UN DEFECTO DE SINCRONIZACIÓN CONSTATADO POR EL PERSONAL DE CAMPO (MET3), SE SOLICITA A ESE SECTOR LAS PROVIDENCIAS PARA QUE LA MARCA DE TIEMPO (TIMESTAMP) DEL SISTEMA DE MONITOREO DE GAS (SMG) SEA SINCRONIZADO CON EL DE LA CHI VÍA PROTOCOLO NTP (NETWORK TIME PROTOCOL), DE FORMA A QUE LAS EVENTUALES OCORRENCIAS SE ENCUENTREN DEBIDAMENTE REGISTRADAS. ",IEQ3,IEE4,OSORIO PAREDES ADRIAN ENRIQUE RAMON,S3.7,,,Não,,202508.0,,,,,,,,,,,,,,,,,,
6051,SPG,,M066O040,RACK UTA-19,3204.019-4,,2024-05-17 16:42:05,"Se solicita parecer técnico sobre el estado actual del rack de la UTA19 donde recientemente fue instalado el servidor WITNESS del SIRI y SOPHO (detalle en la SSA 202407015). Los postes que sujetan los equipos se encuentran fijados a una profundidad y anchura menor a las necesarias para que el servidor físico del WITNESS pueda ser rackeado de manera óptima (ya sea con sus propios rieles deslizantes o soportes fijos, ver imagenes adjuntas). 
",MEL4,IEE4,YU VILLALBA ALOYSIUS,S1,,,Não,,202508.0,,,,,,,,,,,,,,,,,,
6057,SPG,,M066Y039,SERVIDOR SIRI-UTA00-SRV01,1351.011-7,,2023-12-28 16:58:28,"Solicitamos verificar a possibilidade de instalar um UPS para o servidor SIRI-UTA00-SRV01 instalado na sala REDOM, no terceiro piso do edifício de produção. O mesmo tem sofrido de falta de energia elétrica e já apresentou falhas devido a esses eventos. SSA de referência 202320072",MEL4,IEE4,EDUARDO SACHWEK FONTANETTI,S2,,,Não,,202509.0,,,,,,,,,,,,,,,,,,
6058,SPG,202317589,A033E001,PAINEL SMT-WEB,3210.001-7,,2023-11-29 10:17:08,"Solicitamos análisis y parecer respecto al pedido de la SMIE.DT para realizar la conexion de un computador de la sala de monitoreo de la GIS al sistema SMT-WEB via la red SIRI.
Ref SSA 202317049 / 202317589",MEL4,IEE4,LOBO MARTINEZ JUAN ALBERTO,S3.1,,,Não,,202506.0,,,,,,,,,,,,,,,,,,
6072,SPG,,M066L001,SWITCH DE ACESSO SIRI - UTA09 - SWA01,1355.026-8,,2025-07-18 08:14:52,Favor modificar y disponibilizar diseño en el sistema SATedms 6018DFC9526P(5)R5 y 6018DFC9526P(6)R3. Referencia SSA: 202501264.,MEL4,IEE4,SALINAS MARTINEZ PABLO CESAR,S1,,,Não,,202530.0,,,,,,,,,,,,,,,,,,
6076,SPG,,M040B007,SWITCH CORE - T 60 Hz,1496.006-0,,2025-02-07 10:12:20,"Solicitamos apoyo para realizar las gestiones necesarias para integrar el SWITCH CORE - T 60 Hz, al CISCO ISE y CISCO PRIME del ambiente SIRI. El switch fué instalado en el marco del CT 4500075942 para la ampliación de la Telefonía SOPHO en el nuevo Edificio de Mantenimiento.
Switch, marca CISCO modelo CATALYST C9300-24S-E",IEE3,IEE4,CASTILLO CENTURION ELIAS FRANCISCO,S2,,,Não,,202510.0,,,,,,,,,,,,,,,,,,
6077,SPG,,M039B007,SWITCH CORE - T 50 Hz,1496.005-8,,2025-02-07 10:12:36,"Solicitamos apoyo para realizar las gestiones necesarias para integrar el SWITCH CORE - T 50 Hz, al CISCO ISE y CISCO PRIME del ambiente SIRI. El switch fué instalado en el marco del CT 4500075942 para la ampliación de la Telefonía SOPHO en el nuevo Edificio de Mantenimiento.
Switch, marca CISCO modelo CATALYST C9300-24S-E",IEE3,IEE4,CASTILLO CENTURION ELIAS FRANCISCO,S2,,,Não,,202510.0,,,,,,,,,,,,,,,,,,
6083,SPG,,M066Q040,RACK UTA-20,3204.022-5,,2024-11-12 11:11:14,"Se solicita parecer técnico para verificación/corrección de aterramiento en los Acces Point LAP01, LAP02, LAP03 y LAP04. Fueron verificados durante la etapa de Comisionamiento WIRELESS UTA20 - SIRI que los mismos no se encuentran aterrados. Foto de referencia en Anexo.",MEL4,IEE4,ROJAS VIGO ALDO DARIO,S3.1,,,Não,,202508.0,,,,,,,,,,,,,,,,,,
6087,SPG,,M066C059,SERVIDOR VIRTUAL SIRI-ISE-VM01,3138.008-6,,2024-08-28 08:48:35,[UPAC - Integração com ESAI]:Solicitamos apoio para realizar as gestões necessárias para integrar o switch de UPAC ESAI-STC60-SWA25 ao CISCO ISE e PRIME do ambiente do SIRI. O equipamento foi instalado na UPAC no âmbito do CT 4500041509 - Tecmount para a integração em rede dos equipamentos de segurança instalados.,IEE3,IEE4,LUCAS COSTA CICARELLI,S3.7,,,Não,,202509.0,,,,,,,,,,,,,,,,,,
6100,SPG,202305844,M066Z040,RACK UTA-21,3204.021-3,,2024-04-15 16:52:07,"Verificar a falta de SFP industriais compatíveis com switch, conforme indicado no workstatement.
Detectado durante execução do comissionamento (SSA 202217201).",MEL4,IEE4,RODRIGO DE PONTES ADACHI,S2,,,Não,,202507.0,,,,,,,,,,,,,,,,,,
6486,SPG,202414025,T081A002,UNIDADE ALIMENT. ININTERRUPTA 60 Hz (UPS-CE02) E ACESS,3015.002-5,,2024-10-04 14:54:31,Ensayar módulo de potencia SYPM10K16H NS. PD1616141163. El mismo ya ha pasado por mantenimiento.,ILA2,MEL3,NUNEZ GADEA JUAN JOSE,S3.10,,,Não,,202551.0,,,,,,,,,,,,,,,,,,
6578,SPG,,M087D007,PLUVIÔMETRO,1482.008-6,,2025-07-16 16:56:17,"En atención a la recomendación realizada por el fabricante, realizar el cambio del sifón del pluviómetro, por el nuevo componente proveído por la empresa DUALBASE. Realizar test de funcionamiento del pluviómetro.",IEE3,MEL3,CASTILLO CENTURION ELIAS FRANCISCO,S2,,,Não,,202529.0,,,,,,,,,,,,,,,,,,
6580,SPG,,M056D005,MODEM GPRS E SISTEMA IRRADIANTE,2446.011-5,,2025-07-16 11:07:37,"Realizar el descomisionamiento de los equipos, componentes y accesorios de la Estación Remota. Remitir los equipos a almacenes para descarte.",IEE3,MEL3,CASTILLO CENTURION ELIAS FRANCISCO,S3.5,,,Não,,202530.0,,,,,,,,,,,,,,,,,,
6581,SPG,,M056D004,ALIMENTACAO,0951.041-0,,2025-07-16 11:07:39,"Realizar el descomisionamiento de los equipos, componentes y accesorios de la Estación Remota. Remitir los equipos a almacenes para descarte.",IEE3,MEL3,CASTILLO CENTURION ELIAS FRANCISCO,S3.5,,,Não,,202530.0,,,,,,,,,,,,,,,,,,
6582,SPG,,M056D003,FLUVIOMETRO,0954.030-0,,2025-07-16 11:08:49,"Realizar el descomisionamiento de los equipos, componentes y accesorios de la Estación Remota. Remitir los equipos a almacenes para descarte.",IEE3,MEL3,CASTILLO CENTURION ELIAS FRANCISCO,S3.5,,,Não,,202530.0,,,,,,,,,,,,,,,,,,
6583,SPG,,M056D002,REMOTA,0952.040-8,,2025-07-16 11:08:46,"Realizar el descomisionamiento de los equipos, componentes y accesorios de la Estación Remota. Remitir los equipos a almacenes para descarte.",IEE3,MEL3,CASTILLO CENTURION ELIAS FRANCISCO,S3.5,,,Não,,202530.0,,,,,,,,,,,,,,,,,,
6596,SPG,,M055F005,MODEM GPRS E SISTEMA IRRADIANTE,2446.009-6,,2025-07-16 08:28:42,"Realizar el descomisionamiento de los equipos, componentes y accesorios de la Estación Remota. Remitir los equipos a almacenes para descarte",IEE3,MEL3,CASTILLO CENTURION ELIAS FRANCISCO,S3.5,,,Não,,202530.0,,,,,,,,,,,,,,,,,,
6597,SPG,,M055F004,ALIMENTACAO,0951.050-0,,2025-07-16 08:28:43,"Realizar el descomisionamiento de los equipos, componentes y accesorios de la Estación Remota. Remitir los equipos a almacenes para descarte.",IEE3,MEL3,CASTILLO CENTURION ELIAS FRANCISCO,S3.5,,,Não,,202530.0,,,,,,,,,,,,,,,,,,
6598,SPG,,M055F003,FLUVIOMETRO - TS 310 P - TECMES,0954.039-6,,2025-07-16 08:28:45,"Realizar el descomisionamiento de los equipos, componentes y accesorios de la Estación Remota. Remitir los equipos a almacenes para descarte.",IEE3,MEL3,CASTILLO CENTURION ELIAS FRANCISCO,S3.5,,,Não,,202530.0,,,,,,,,,,,,,,,,,,
6619,SPG,,M027A003,APARELHOS TELEFONICOS,0413.012-0,,2025-07-14 16:34:48,"VERIFICAR E SOLUCIONAR O MOTIVO PELO QUAL O RAMAL 2385 ESTA INOPERANTE,LOCALIZADO NA COTA 98,00 UN05 PROXIMO AO REGULADOR DE VELOCIDADE",OUO5,MEL3,RENATO DO CARMO ALVES,S1.1,,,Não,,202534.0,,,,,,,,,,,,,,,,,11 - COMUNICAÇAO - TELEFONE/CONSOLE/HOTLINE/RADIO COM FALHA,
6620,SPG,,M027A004,CABINES TELEFONICAS,0420.004-7,,2025-07-14 16:35:10,"Verificar e solucionar o motivo pelo qual a campainha do ramal 2375 está inoperante. Localizado na cabine da cota 98,00 UN05, em frente ao painel do UMCC.",OUO5,MEL3,RENATO DO CARMO ALVES,S1.1,,,Não,,202534.0,,,,,,,,,,,,,,,,,11 - COMUNICAÇAO - TELEFONE/CONSOLE/HOTLINE/RADIO COM FALHA,
6723,SPG,,M028A003,APARELHOS TELEFONICOS,0413.006-5,,2025-06-23 14:55:01,"Verificar y solucionar motivo por el cual el teléfono fijo (sin ramal identificado) ubicado en la presa principal, cota 225, frente al servomotor de la UG09; se encuentra inoperante.",OUO1,MEL3,BRITOS DIAZ CARLOS MOISES,S1.1,,,Não,,202532.0,,,,,,,,,,,,,,,,,11 - COMUNICAÇAO - TELEFONE/CONSOLE/HOTLINE/RADIO COM FALHA,
6724,SPG,,M029A003,APARELHOS TELEFONICOS,0413.008-1,,2025-06-17 17:30:35,"Verificar e corrigir sinal sonoro inoperante do ramal 3124 localizado no eixo CD, El. 92,00 da Unidade 14 (poço da turbina)",OUO6,MEL3,RENATO DO CARMO ALVES,S2.1,,,Não,,202533.0,,,,,,,,,,,,,,,,,11 - COMUNICAÇAO - TELEFONE/CONSOLE/HOTLINE/RADIO COM FALHA,
7657,SPG,,M055F002,REMOTA - TS 2621 - RT - TECMES,0952.050-4,,2025-07-16 07:44:46,"Realizar el descomisionamiento de los equipos, componentes y accesorios de la Estación Remota. Remitir los equipos a almacenes para descarte.",IEE3,MEL3,CASTILLO CENTURION ELIAS FRANCISCO,S3.5,,,Não,,202530.0,,,,,,,,,,,,,,,,,,
9558,SPG,,Z099,DIVERSOS,,,2024-04-22 11:02:02,"Providenciar compra de microdisyuntores para reparo de modulo SIEMENS ""6EV5XXX"". Definir cantidades necesarias, se anexa planilla con levantamiento de unidades instaladas en campo. Verificar la viabilidad de incluirlos en el stock (Almacén).
Referencia de compra piloto SSA:202300621.
",MEL1,IEE1,LOPEZ GONZALEZ ALEJANDRO ANDRES,S3.9,,,Não,,202613.0,,,,,,,,,,,,,,,,,,
9623,SPG,,A002L032,QUADRO ULP-02 DE CONTROLE LOCAL DA UNIDADE,0115.002-2,,2025-07-21 11:03:45,"Actualizar y disponibilizar en archivo técnico los diseños: 6212DF73091 Hj. 10 ; 6212DF73096 Hjs. 5, 6; 6212DF73099 Hjs. 142, 143, 147; 6212DF73118 Hjs. 11, 17, 19; 6212DF73119 Hjs. 13, 14; conforme anexo. SSA Referencia N° 202508952.-",MEL1,IEE1,RUIZ DIAZ GONZALEZ FABIANA LETICIA,S3.4,,,Não,,202534.0,,,,,,,,,,,,,,,,,,
9625,SPG,,G074G001,QUADRO DE CONTROLE COMUM 3C1,0244.010-5,,2025-06-16 11:06:50,"Atualizar e disponibilizar no arquivo técnico os desenhos: 6609-DC-04105;  6647-DC-00001 e 6607-DF-91491 revisão geral. Referente as SSA´s 202508499, 202507311 e marcações do desenho de campo.",MEL1,IEE1,VANDERLEI TARTAS,S1,,,Não,,202530.0,,,,,,,,,,,,,,,,,,
9664,SPG,,G074G001,QUADRO DE CONTROLE COMUM 3C1,0244.010-5,,2025-03-10 15:22:18,"Atualizar desenhos conforme anexo. SSA origem: 202502657
Desenhos: 
6607DF91491 folha 07 e 17
6609DC0112
",MEL1,IEE1,THIAGO RATTMANN DOS SANTOS,S3.4,,,Não,,202528.0,,,,,,,,,,,,,,,,,,
9722,SPG,,E114L002,PROTEÇÃO DIFERENCIAL DE LINHA - IED PP5L14 - 7SL87,1594.002-1,,2024-02-06 10:17:02,"Con referencia a las SSAs 202310994, 202310985, 202310985 relatadas en el RAP 03/2023; solicitamos apoyo para verificar en el registro de log de eventos del IED la correspondencia de las siguientes señales (Ref.: Tabla 3, página 14 del RAP): Power system: TC Central: Brk.wire det.: Phs C BW suspected, Line 1: Mes.v.fail.det: Alarm Line 1: Mes.v.fail.det: Asym.fail.-inst.alarm, con las señales catastradas en la BD del SCC.  En anexo archivo de apoyo con un análisis preliminar.",IEE3,IEE1,VILLAR RIVAS ALBERTO,S3.1,,,Não,,202503.0,,,,,,,,,,,,,,,,,,
10317,SPG,202501307,E114P005,ESTAÇÃO DE SUPERVISÃO E CONTROLE IHM LOCAL 2S-L1314-2CRL2,3003.005-2,,2025-01-31 08:08:08,"Realizar modificación de descriptivo y par de mensajes de punto sobre falla de los IEDs IP5V13/IA5V13, conforme anexo.",IEE3,MEL4,VILLAR RIVAS ALBERTO,S3.6,,,Não,,202551.0,,,,,,,,,,,,,,,,,,
10461,SPG,,T075Q002,SERVIDOR BITRAS1 - EMS SCADA E APLICATIVOS,0921.051-7,,2025-07-14 09:45:19,"Conforme solicitação originalmente enviada na SSA 202506355  ""... realizar la implementación de alarmas por limite inferior y superior en los valores analógicos del canal manual ""EXCITACAO POTENCIOMETRO MANUAL POSICAO"" y automático ""EXCITACAO POTENCIOMETRO AUTOMATICO POSICAO"" para los puntos del SCADA del sistema de excitación de las unidades generadoras. "" conforme anexo.

Obs: SSA será cadastrada como relacionada.",IEE3,MEL4,MAURICIO MENON,S3.7,,,Não,,202530.0,,,,,,,,,,,,,,,,,,
10462,SPG,202510403,T075Q002,SERVIDOR BITRAS1 - EMS SCADA E APLICATIVOS,0921.051-7,,2025-07-14 09:30:29,"Conforme solicitação recebida, ""Alterar el campo LLIM5 para 18 puntos de la tabla SOANLG, relacionados a la supervisión del nivel del tanque de expansión del sistema de agua pura en unidades convencionales, según solicitado en la SSA 202509809 y conforme archivo anexo.""",IEE3,MEL4,MAURICIO MENON,S3.7,,,Não,,202530.0,,,,,,,,,,,,,,,,,,
10463,SPG,202510781,D001J007,SWITCH1-A (SW1-A),2438.010-3,,2025-07-14 14:08:51,"Verificar  switch debido a que el medidor M73A se encuentra con problemas de comunicación con el SMF. Aparente problema con puerto.
",ILA3,MEL4,PRIETO VILLALBA PABLO AUGUSTO,S3.3,,,Não,,202531.0,,,,,,,,,,,,,,,,,,
10464,SPG,202509975,T075Q002,SERVIDOR BITRAS1 - EMS SCADA E APLICATIVOS,0921.051-7,,2025-07-14 08:04:55,"Realizar alteraciones en el banco de datos del SCADA NMR5 (SOSTAT), conforme a los detalles del documento adjunto, en relación con la implementación del sistema de supervisión de frenos de la UG-07 (PSDF-07), la cual se llevará a cabo durante el PD de la UG-07, previsto del 21/07/25 al 08/08/25.",IEE3,MEL4,SILVA VARGAS FRANCISCO JAVIER,S3.6,,,Não,,202530.0,,,,,,,,,,,,,,,,,,
10468,SPG,,M088C020,ESAI-QDF-CCP01-QUADRO DE ALIMENTAÇÃO ELÉTRICA CCP,3002.003-4,,2025-07-10 16:37:57,"Em função das manobras de isolação do quadro QBP-CE01, solicitamos apoio para desconexão controlada ou alimentação provisória dos equipamentos alimentados pelo quadro QDF-CCP01 (ESAI).
Isolação prevista para o dia 15/07/2025 (AT 202506115)",OUO1,MEL4,RENATO HIDEO FUSANO,S3.6,,,Não,,202529.0,,,,,,,,,,,,,,,,,,
10470,SPG,,T075Q002,SERVIDOR BITRAS1 - EMS SCADA E APLICATIVOS,0921.051-7,,2025-07-09 15:12:22,"Providenciar la modificación del campo CLASS de los puntos de estado asociados a las LI 66KV MD-ACY-HER, LT 66kV MD-IPU y LI 66KV MD-FI.",OSO0,MEL4,ZAPATA ENCISO VICENTE RAFAEL,S2.3,,,Não,,202530.0,,,,,,,,,,,,,,,,,,
10471,SPG,,T075Q002,SERVIDOR BITRAS1 - EMS SCADA E APLICATIVOS,0921.051-7,,2025-07-09 15:31:54,"Alterar classe e prioridade do ponto ""PAINEL UTR670-1 RTU560 COMUNICACAO COM ONS"" conforme anexo (classe 3, prioridade 8).
Justificativa:
O referido ponto está sendo implementado a fim de acompanhar o desempenho da comunicação entre o ONS e a RTU560.
Por hora, não há procedimento operativo associado à esta indicação, portanto não é necessário alarme.
Considerar também que por hora o CAG60 não está operando em REMOTO.",SOA0,MEL4,PAULO NEIS,S3.6,,,Não,,202530.0,,,,,,,,,,,,,,,,,,
10473,SPG,,M066D040,RACK SIRI CORE 2/1,1354.024-0,,2025-07-09 16:18:52,"Em função das manobras de isolação do quadro QBP-CE01, solicitamos apoio para a desconexão  controlada ou alimentação provisória para o rack SIRI CORE 2. 
Isolação prevista para o dia 15/07/2025 (AT 202506115)",OUO1,MEL4,RENATO HIDEO FUSANO,S3.6,,,Não,,202529.0,,,,,,,,,,,,,,,,,,
10474,SPG,,T091E022,MICROCOMPUTADOR E PERIFERICOS,1313.004-1,,2025-07-09 16:18:58,"Em função das manobras de isolação do quadro QBP-CE01, solicitamos apoio para a desconexão do VIDEOWALL. 
O quadro QDF-VW-01 ficará desenergizado durante o período de execução dos trabalhos, previstos para o dia 15/07/2025 (AT 202506115)",OUO1,MEL4,RENATO HIDEO FUSANO,S3.6,,,Não,,202529.0,,,,,,,,,,,,,,,,,,
10475,SPG,,D044C005,ESTACAO DE ENGENHARIA EST,3287.001-2,,2025-07-08 17:00:03,"Realizar atualização de BIOS para a versão 2.8.49152.165  devido à vulnerabilidades relatadas no boletim de serviço SEL 2025.05.

Seguir procedimentos descritos no arquivo ""Procedimento Atualizacao BIOS e ME - SEL-3355-2-Boletim 25-05-S97A01.pdf""  (P:\Automatizacion\D44C - SEP 765kV - Painel Alternado\D44C05 - Estação de 
Engenharia EST\SEL Bulletin\2025.05). Obs: Procedimento já realizado para a Estação sobressalente (SSA 202503086).",IEE3,MEL4,LUCAS COSTA CICARELLI,S2,,,Não,,202529.0,,,,,,,,,,,,,,,,,,
10476,SPG,,T075Q002,SERVIDOR BITRAS1 - EMS SCADA E APLICATIVOS,0921.051-7,,2025-07-08 16:40:03,"Incluir na SOSTAT os pontos referentes à sinalização de 51OL-P (STEP 2) ECCA para o T0X/R0X e T05/R05. Vide arquivo  anexo. Simular os pontos criados desde o Gateway (G045J007) até o SCADA, confirmando o acionamento dos alarmes e eventos correspondentes. 

Ref. 
DPS-107
SSA 202508992  Implementação dos pontos na RTU560 do TX-RX T5-R5
SSA 202510648  Implementação dos pontos no SCC.
",IEE3,MEL4,LUCAS COSTA CICARELLI,S3.6,,,Não,,202530.0,,,,,,,,,,,,,,,,,,
10477,SPG,,T075W033,CONSOLE BITCON29,0920.091-7,,2025-07-10 17:13:11,"Desinstalar, trasladar e instalar la consola del SCADA correspondiente a la SMME.DT en su nueva ubicación, en el 1er piso del Edificio de Mantenimiento, debido a la reforma del Edificio de Producción. El servicio está previsto inicialmente para el día 12/07/2025, en el marco de la migración de las consolas del SCADA NMR5 al nuevo Edificio de Mantenimiento.",IEE3,MEL4,SILVA VARGAS FRANCISCO JAVIER,S3.6,,,Não,,202531.0,,,,,,,,,,,,,,,,,,
10482,SPG,202507176,E114P006,GATEWAY RTU 2S-L1314-2CRL2-GTW1,2980.010-3,,2025-07-07 15:04:28,"Verificar e corrigir pontos inválidos referentes a função 68 das linhas YZU1 e YZU2, enviados do Gateway com a qualidade ""Qb0:11"" para o Sistema SCC. Verificar como que o Gateway recebe do IED estes pontos.",MEL4,MEL4,OTAVIO ALEXANDRE NICOLAU,S1,,,Não,,202532.0,,,,,,,,,,,,,,,,,,
10483,SPG,202507048,E114P006,GATEWAY RTU 2S-L1314-2CRL2-GTW1,2980.010-3,,2025-07-07 14:14:59,Verificar e corrigir falha de telemetria dos pontos de tensão e frequência das proteções PP e PA da LI YZU2 recebidos nos Sistemas SCC e SCADA.,MEL4,MEL4,OTAVIO ALEXANDRE NICOLAU,S1,,,Não,,202532.0,,,,,,,,,,,,,,,,,,
10484,SPG,202508539,T075Q002,SERVIDOR BITRAS1 - EMS SCADA E APLICATIVOS,0921.051-7,,2025-07-07 14:00:28,"Conforme SSA 202508539 ""Alterar SUBNAM e PNTNAM dos pontos calculados IBCALC5 UXX CGI NIVEL ACEITE ANORMAL e IBCALC6 UXX MGI NIVEL OLEO ANORMAL para UXX CGI ACEITE NIVEL ANORMAL-EVALUAR EMISION DE SSA e UXX MGI OLEO NIVEL ANORMAL-AVALIAR EMISSAO DE SSA conforme planilha em anexo."" 

Obs: Duvida sanada com a area emissora, trata-se de um padrão adotado na SOANLG que passará a valer para a SOSTAT. O texto já é adotado na tabela em questão.",IEE3,MEL4,MAURICIO MENON,S3.7,,,Não,,202530.0,,,,,,,,,,,,,,,,,,
10485,SPG,202509094,T075Q002,SERVIDOR BITRAS1 - EMS SCADA E APLICATIVOS,0921.051-7,,2025-07-07 11:16:44,"Ajustar parâmetros BIAS, SCALE e HLIM6 do ponto SEMD_500/YZU2 FRECUENCIA (RTU 119, PNT 53) de (BIAS:0, SCALE:50 e HLIM6:50) para (BIAS:0, SCALE:60 e HLIM6:55).",IEE3,MEL4,MAURICIO MENON,S3.7,,,Não,,202530.0,,,,,,,,,,,,,,,,,,
10487,SPG,,T075W021,CONSOLE BITCON17,0920.079-4,,2025-07-07 07:53:47,"Desinstalar, trasladar e instalar la consola en su nueva ubicación, en el segundo piso del Edificio de Mantenimiento, debido a la reforma del Edificio de Producción. Los detalles de la nueva ubicación de las consolas se encuentran en los documentos adjuntos y en sus respectivos escritorios del Edificio de Mantenimiento. Coordinar el servicio con OP.DT (Sandra de GSS).",IEE3,MEL4,SILVA VARGAS FRANCISCO JAVIER,S3.6,,,Não,,202528.0,,,,,,,,,,,,,,,,,,
10488,SPG,,T075W029,CONSOLE BITCON25,0920.087-4,,2025-07-07 07:53:52,"Desinstalar, trasladar e instalar la consola en su nueva ubicación, en el segundo piso del Edificio de Mantenimiento, debido a la reforma del Edificio de Producción. Los detalles de la nueva ubicación de las consolas se encuentran en los documentos adjuntos y en sus respectivos escritorios del Edificio de Mantenimiento. Coordinar el servicio con OP.DT (Sandra de GSS).",IEE3,MEL4,SILVA VARGAS FRANCISCO JAVIER,S3.6,,,Não,,202528.0,,,,,,,,,,,,,,,,,,
10489,SPG,,T075W028,CONSOLE BITCON24,0920.086-2,,2025-07-07 07:53:53,"Desinstalar, trasladar e instalar la consola en su nueva ubicación, en el segundo piso del Edificio de Mantenimiento, debido a la reforma del Edificio de Producción. Los detalles de la nueva ubicación de las consolas se encuentran en los documentos adjuntos y en sus respectivos escritorios del Edificio de Mantenimiento. Coordinar el servicio con OP.DT (Sandra de GSS).",IEE3,MEL4,SILVA VARGAS FRANCISCO JAVIER,S3.6,,,Não,,202528.0,,,,,,,,,,,,,,,,,,
10490,SPG,,T075W027,CONSOLE BITCON23,0920.085-0,,2025-07-07 07:53:56,"Desinstalar, trasladar e instalar la consola en su nueva ubicación, en el segundo piso del Edificio de Mantenimiento, debido a la reforma del Edificio de Producción. Los detalles de la nueva ubicación de las consolas se encuentran en los documentos adjuntos y en sus respectivos escritorios del Edificio de Mantenimiento. Coordinar el servicio con OP.DT (Sandra de GSS).",IEE3,MEL4,SILVA VARGAS FRANCISCO JAVIER,S3.6,,,Não,,202528.0,,,,,,,,,,,,,,,,,,
10491,SPG,,T075W025,CONSOLE BITCON21,0920.083-7,,2025-07-07 07:53:57,"Desinstalar, trasladar e instalar la consola en su nueva ubicación, en el segundo piso del Edificio de Mantenimiento, debido a la reforma del Edificio de Producción. Los detalles de la nueva ubicación de las consolas se encuentran en los documentos adjuntos y en sus respectivos escritorios del Edificio de Mantenimiento. Coordinar el servicio con OP.DT (Sandra de GSS).",IEE3,MEL4,SILVA VARGAS FRANCISCO JAVIER,S3.6,,,Não,,202528.0,,,,,,,,,,,,,,,,,,
10492,SPG,,T075W034,CONSOLE BITCON30,0920.092-9,,2025-07-07 07:53:49,"Desinstalar, trasladar e instalar la consola en su nueva ubicación, en el segundo piso del Edificio de Mantenimiento, debido a la reforma del Edificio de Producción. Los detalles de la nueva ubicación de las consolas se encuentran en los documentos adjuntos y en sus respectivos escritorios del Edificio de Mantenimiento. Coordinar el servicio con OP.DT (Sandra de GSS).",IEE3,MEL4,SILVA VARGAS FRANCISCO JAVIER,S3.6,,,Não,,202528.0,,,,,,,,,,,,,,,,,,
10493,SPG,,M092A030,SWA-DT-01-01 - SCADA - EM,1489.057-4,,2025-07-04 16:58:57,"Conectar cordones eléctricos Ethernet RJ45 en los puertos del switch correspondientes a las consolas BITCON 16, 17, 21, 23, 24, 25, 28, 29 y 30, provenientes de los puertos de red de los patch panels PP_09_02 y PP_10_02, vinculados a las tomas donde serán conectadas dichas consolas. El servicio se realizará el 12/07/2025, en el marco de la migración de las consolas del SCADA NMR5 al nuevo Edificio de Mantenimiento. El material está con la SMIN.DT.",IEE3,MEL4,SILVA VARGAS FRANCISCO JAVIER,S3.6,,,Não,,202528.0,,,,,,,,,,,,,,,,,,
10494,SPG,,M092A030,SWA-DT-01-01 - SCADA - EM,1489.057-4,,2025-07-04 16:59:01,"Montar e instalar switch BITOFSW1 en el Rack 01Activo del Edificio de Mantenimiento en la última posición inferior del rack. Luego, conectar cordón óptico dúplex SM en el puerto G1 del switch proveniente de los puertos 11/12 del BEO/DIO 01-01 del mismo rack. Servicio a realizarse el 12/07/25 en el ámbito de la migración de las consolas del SCADA NMR5 al nuevo Edificio de Mantenimiento. Material con la SMIN.DT.",IEE3,MEL4,SILVA VARGAS FRANCISCO JAVIER,S3.6,,,Não,,202528.0,,,,,,,,,,,,,,,,,,
10496,SPG,,T075U007,SWITCH BITOFSW1,3136.007-5,,2025-07-04 11:30:53,"Desinstalar, desmontar y realizar el mapeo-correlación de los puertos - hosts del switch, especialmente los correspondientes a las consolas BITCON 16, 17, 21, 23, 24, 25, 28, 29 y 30 y posteriormente trasladar al nuevo Edificio de Mantenimiento para su reinstalación. Servicio a realizarse el 12/07 en el ámbito de la migración de las consolas del SCADA NMR5 al nuevo Edif. de Mant.",IEE3,MEL4,SILVA VARGAS FRANCISCO JAVIER,S3.6,,,Não,,202528.0,,,,,,,,,,,,,,,,,,
10497,SPG,,T075U002,SWITCH BITCOSW1,3139.001-8,,2025-07-04 11:30:57,"Desconectar cordones ópticos conectados en el módulo/puerto S3.P4 proveniente del DIO LDR, OFFICE, CCR-01 (Puertos: CN 13, 14) del panel MODEMS 1 y limpiar/conectar cordones ópticos monomodo (sueltos de color amarillo en el panel) provenientes del BEO/DIO cassete 01 (Puertos: 11, 12) del rack de la SOPHO 50Hz (Sala TELECOM 50Hz), en el mismo módulo/puerto S3.P4 del switch BITCOSW1. Servicio a realizarse el 12/07 en el ámbito de la migración de las consolas del SCADA NMR5 al nuevo Edif. de Mant.",IEE3,MEL4,SILVA VARGAS FRANCISCO JAVIER,S3.6,,,Não,,202528.0,,,,,,,,,,,,,,,,,,
10525,SPG,,A004R001,UNIDADE TERMINAL REMOTA - UTR504,0919.006-6,,2025-07-01 11:41:34,"Adecuar la configuración de la UTR, de modo que los mapas de direccionamiento de los puntos también sean reportados vía el protocolo de comunicación IEC 60870-5-104 al nuevo sistema SCADA/EMS (e-Terra), a través de los puertos Ethernet eléctricos (RJ45) de la CPU D20MX. Considerar los documentos adjuntos para la configuración. Este servicio es en el marco del PAT, en el ámbito del SCADA/EMS.",IEE3,MEL4,MAURICIO MENON,S3.7,,,Não,,202530.0,,,,,,,,,,,,,,,,,,
10526,SPG,,A004R002,UNIDADE TERMINAL REMOTA - UTR504-1,0919.007-4,,2025-07-01 11:41:41,"Adecuar la configuración de la UTR, de modo que los mapas de direccionamiento de los puntos también sean reportados vía el protocolo de comunicación IEC 60870-5-104 al nuevo sistema SCADA/EMS (e-Terra), a través de los puertos Ethernet eléctricos (RJ45) de la CPU D20MX. Considerar los documentos adjuntos para la configuración. Este servicio es en el marco del PAT, en el ámbito del SCADA/EMS.",IEE3,MEL4,MAURICIO MENON,S3.7,,,Não,,202530.0,,,,,,,,,,,,,,,,,,
10527,SPG,,A007R001,UNIDADE TERMINAL REMOTA - UTR507,0919.012-0,,2025-07-01 11:41:47,"Adecuar la configuración de la UTR, de modo que los mapas de direccionamiento de los puntos también sean reportados vía el protocolo de comunicación IEC 60870-5-104 al nuevo sistema SCADA/EMS (e-Terra), a través de los puertos Ethernet eléctricos (RJ45) de la CPU D20MX. Considerar los documentos adjuntos para la configuración. Este servicio es en el marco del PAT, en el ámbito del SCADA/EMS.",IEE3,MEL4,MAURICIO MENON,S3.7,,,Não,,202530.0,,,,,,,,,,,,,,,,,,
10528,SPG,,A007R002,UNIDADE TERMINAL REMOTA - UTR507-1,0919.013-9,,2025-07-01 11:41:53,"Adecuar la configuración de la UTR, de modo que los mapas de direccionamiento de los puntos también sean reportados vía el protocolo de comunicación IEC 60870-5-104 al nuevo sistema SCADA/EMS (e-Terra), a través de los puertos Ethernet eléctricos (RJ45) de la CPU D20MX. Considerar los documentos adjuntos para la configuración. Este servicio es en el marco del PAT, en el ámbito del SCADA/EMS.",IEE3,MEL4,MAURICIO MENON,S3.7,,,Não,,202530.0,,,,,,,,,,,,,,,,,,
10566,SPG,202509854,T075Q002,SERVIDOR BITRAS1 - EMS SCADA E APLICATIVOS,0921.051-7,,2025-06-30 16:30:33,"Providenciar a eliminação de pontos na SORCAL e SORPAR, conforme anexo, para transferência de cálculos do RTC para o ibcalc. ",SOA0,MEL4,TERESINHA ARNAUTS HACHISUCA,S3.6,,,Não,,202530.0,,,,,,,,,,,,,,,,,,
10571,SPG,,T075Q002,SERVIDOR BITRAS1 - EMS SCADA E APLICATIVOS,0921.051-7,,2025-06-30 14:22:32,"Providenciar alteração de descritivos, SUBNAM, CAT, CLASS, TXTINX, ACRONM, NORMST, HISFLG, SOETYP, SOEHIS na SOSTAT para uso posterior com ibcalc, conforme anexo.",OUO0,MEL4,DOUGLAS TEIXEIRA BARRETO,S3.6,,,Não,,202530.0,,,,,,,,,,,,,,,,,,
10572,SPG,202414541,B012J026,PAINEL DE MONITORAMENTO SMT-12,1083.014-4,,2025-07-01 10:32:35,"Solicitamos apoio para habilitar switch do SMT-12, de modo a permitir a conexão do sensor TRANSFIX na rede SIRI.",MET1,MEL4,EDUARDA ABATTI DAHLEM,S3.10,,,Não,,202529.0,,,,,,,,,,,,,,,,,,
10574,SPG,202509614,T075Q002,SERVIDOR BITRAS1 - EMS SCADA E APLICATIVOS,0921.051-7,,2025-06-30 07:48:14,"Providenciar alteração de descritivo e nível de alarme no SCADA de ponto para atendimento da SSA 202509599, conforme anexo.",OUO0,MEL4,DOUGLAS TEIXEIRA BARRETO,S3.6,,,Não,,202530.0,,,,,,,,,,,,,,,,,,
12280,SPG,,M067C003,MICROFONE SEM FIO DE MAO,2391.002-8,,2025-07-11 11:23:53,"Debido a la reforma del Edificio de Producción, realizar descomisionamiento del sistema de audio y accesorios del Salón Auditorio de la cota 145. Los materiales que poseen BPM pertenecían a OPUE.DT y fueron transferidos a SO.DT. Entregar los equipos a SOCM.DT. Ver en adjunto, solicitud de retirada de equipos y solicitud TBPM-650-2025.",IEE3,MEL3,ACOSTA FERNANDEZ RAMON ARIEL,S3.5,,,Não,,202529.0,,,Dentro do Prazo,Fora de Prazo,14/07/2025 23:59:59,14h : 24mi,14/07/2025 23:59:59,3d 22h : 36mi,,0.6,1.0,0.5,,,,,,
12281,SPG,,M067C001,CAIXA DE SOM E ACESSÓRIOS,3231.001-0,,2025-07-11 11:24:34,"Debido a la reforma del Edificio de Producción, realizar descomisionamiento del sistema de audio y accesorios del Salón Auditorio de la cota 145. Los materiales que poseen BPM pertenecían a OPUE.DT y fueron transferidos a SO.DT. Entregar los equipos a SOCM.DT. Ver en adjunto, solicitud de retirada de equipos y solicitud TBPM-650-2025.",IEE3,MEL3,ACOSTA FERNANDEZ RAMON ARIEL,S3.5,,,Não,,202529.0,,,Dentro do Prazo,Fora de Prazo,14/07/2025 23:59:59,14h : 24mi,14/07/2025 23:59:59,3d 22h : 34mi,,0.6,1.0,0.5,,,,,,
12282,SPG,,M067C002,MESA DE AUDIO E ACESSÓRIOS,3232.001-4,,2025-07-11 11:24:39,"Debido a la reforma del Edificio de Producción, realizar descomisionamiento del sistema de audio y accesorios del Salón Auditorio de la cota 145. Los materiales que poseen BPM pertenecían a OPUE.DT y fueron transferidos a SO.DT. Entregar los equipos a SOCM.DT. Ver en adjunto, solicitud de retirada de equipos y solicitud TBPM-650-2025.",IEE3,MEL3,ACOSTA FERNANDEZ RAMON ARIEL,S3.5,,,Não,,202529.0,,,Dentro do Prazo,Fora de Prazo,14/07/2025 23:59:59,14h : 24mi,14/07/2025 23:59:59,3d 22h : 34mi,,0.6,1.0,0.5,,,,,,
12283,SPG,,E114L002,PROTEÇÃO DIFERENCIAL DE LINHA - IED PP5L14 - 7SL87,1594.002-1,,2024-02-06 10:17:02,"Con referencia a las SSAs 202310994, 202310985, 202310985 relatadas en el RAP 03/2023; solicitamos apoyo para verificar en el registro de log de eventos del IED la correspondencia de las siguientes señales (Ref.: Tabla 3, página 14 del RAP): Power system: TC Central: Brk.wire det.: Phs C BW suspected, Line 1: Mes.v.fail.det: Alarm Line 1: Mes.v.fail.det: Asym.fail.-inst.alarm, con las señales catastradas en la BD del SCC.  En anexo archivo de apoyo con un análisis preliminar.",IEE3,IEE1,VILLAR RIVAS ALBERTO,S3.1,,,Não,,202503.0,,,Fora de Prazo,Fora de Prazo,13/01/2025 23:59:59,"5m, 30d 2h : 24mi",13/01/2025 23:59:59,"9m, 9d 9h : 6mi",,,40.0,,,,,,,
12284,SPG,,M066C059,SERVIDOR VIRTUAL SIRI-ISE-VM01,3138.008-6,,2024-08-28 08:48:35,[UPAC - Integração com ESAI]:Solicitamos apoio para realizar as gestões necessárias para integrar o switch de UPAC ESAI-STC60-SWA25 ao CISCO ISE e PRIME do ambiente do SIRI. O equipamento foi instalado na UPAC no âmbito do CT 4500041509 - Tecmount para a integração em rede dos equipamentos de segurança instalados.,IEE3,IEE4,LUCAS COSTA CICARELLI,S3.7,,,Não,,202509.0,,,Fora de Prazo,Fora de Prazo,24/02/2025 23:59:59,"4m, 18d 14h : 23mi",24/02/2025 23:59:59,"5m, 5d 9h : 11mi",,,3.0,,,,,,,
12285,SPG,,M040B007,SWITCH CORE - T 60 Hz,1496.006-0,,2025-02-07 10:12:20,"Solicitamos apoyo para realizar las gestiones necesarias para integrar el SWITCH CORE - T 60 Hz, al CISCO ISE y CISCO PRIME del ambiente SIRI. El switch fué instalado en el marco del CT 4500075942 para la ampliación de la Telefonía SOPHO en el nuevo Edificio de Mantenimiento.
Switch, marca CISCO modelo CATALYST C9300-24S-E",IEE3,IEE4,CASTILLO CENTURION ELIAS FRANCISCO,S2,,,Não,,202510.0,,,Dentro do Prazo,Fora de Prazo,05/03/2025 23:59:59,"4m, 9d 14h : 24mi",05/03/2025 23:59:59,"5m, 5d 9h : 16mi",,,9.97,,,,,,,
12286,SPG,,M039B007,SWITCH CORE - T 50 Hz,1496.005-8,,2025-02-07 10:12:36,"Solicitamos apoyo para realizar las gestiones necesarias para integrar el SWITCH CORE - T 50 Hz, al CISCO ISE y CISCO PRIME del ambiente SIRI. El switch fué instalado en el marco del CT 4500075942 para la ampliación de la Telefonía SOPHO en el nuevo Edificio de Mantenimiento.
Switch, marca CISCO modelo CATALYST C9300-24S-E",IEE3,IEE4,CASTILLO CENTURION ELIAS FRANCISCO,S2,,,Não,,202510.0,,,Dentro do Prazo,Fora de Prazo,06/03/2025 23:59:59,"4m, 8d 14h : 24mi",06/03/2025 23:59:59,"5m, 5d 9h : 21mi",,,9.97,,,,,,,
12287,SPG,,M038A004,CABOS TELEFONICOS,0413.025-1,,2025-06-03 07:51:05,"Debido a la reforma del Edificio de Producción, realizar descomisionamiento de los cables telefónicos de todos los pisos. Aislar los cables en el DG-2.
Referencia de diseños:
- 6704-DC-0700-P
- 6254-DC-7001-P ",IEE3,MEL3,ACOSTA FERNANDEZ RAMON ARIEL,S3.5,,,Não,,202525.0,,,Dentro do Prazo,Fora de Prazo,16/06/2025 23:59:59,28d 14h : 24mi,16/06/2025 23:59:59,"1m, 10d 18h : 54mi",,8.75,24.0,0.33,,,,,,
12288,SPG,,A004R001,UNIDADE TERMINAL REMOTA - UTR504,0919.006-6,,2025-07-01 11:41:34,"Adecuar la configuración de la UTR, de modo que los mapas de direccionamiento de los puntos también sean reportados vía el protocolo de comunicación IEC 60870-5-104 al nuevo sistema SCADA/EMS (e-Terra), a través de los puertos Ethernet eléctricos (RJ45) de la CPU D20MX. Considerar los documentos adjuntos para la configuración. Este servicio es en el marco del PAT, en el ámbito del SCADA/EMS.",IEE3,MEL4,MAURICIO MENON,S3.7,,,Não,,202530.0,,,Dentro do Prazo,6d 9h : 36mi,21/07/2025 23:59:59,,,4h : 39mi,,0.25,8.0,0.25,,,,,,
12289,SPG,,A004R002,UNIDADE TERMINAL REMOTA - UTR504-1,0919.007-4,,2025-07-01 11:41:41,"Adecuar la configuración de la UTR, de modo que los mapas de direccionamiento de los puntos también sean reportados vía el protocolo de comunicación IEC 60870-5-104 al nuevo sistema SCADA/EMS (e-Terra), a través de los puertos Ethernet eléctricos (RJ45) de la CPU D20MX. Considerar los documentos adjuntos para la configuración. Este servicio es en el marco del PAT, en el ámbito del SCADA/EMS.",IEE3,MEL4,MAURICIO MENON,S3.7,,,Não,,202530.0,,,Dentro do Prazo,6d 9h : 36mi,21/07/2025 23:59:59,,,4h : 38mi,,0.25,8.0,0.25,,,,,,
12290,SPG,,A007R001,UNIDADE TERMINAL REMOTA - UTR507,0919.012-0,,2025-07-01 11:41:47,"Adecuar la configuración de la UTR, de modo que los mapas de direccionamiento de los puntos también sean reportados vía el protocolo de comunicación IEC 60870-5-104 al nuevo sistema SCADA/EMS (e-Terra), a través de los puertos Ethernet eléctricos (RJ45) de la CPU D20MX. Considerar los documentos adjuntos para la configuración. Este servicio es en el marco del PAT, en el ámbito del SCADA/EMS.",IEE3,MEL4,MAURICIO MENON,S3.7,,,Não,,202530.0,,,Dentro do Prazo,6d 9h : 36mi,21/07/2025 23:59:59,,,4h : 41mi,,0.25,8.0,0.25,,,,,,
12291,SPG,,A007R002,UNIDADE TERMINAL REMOTA - UTR507-1,0919.013-9,,2025-07-01 11:41:53,"Adecuar la configuración de la UTR, de modo que los mapas de direccionamiento de los puntos también sean reportados vía el protocolo de comunicación IEC 60870-5-104 al nuevo sistema SCADA/EMS (e-Terra), a través de los puertos Ethernet eléctricos (RJ45) de la CPU D20MX. Considerar los documentos adjuntos para la configuración. Este servicio es en el marco del PAT, en el ámbito del SCADA/EMS.",IEE3,MEL4,MAURICIO MENON,S3.7,,,Não,,202530.0,,,Dentro do Prazo,6d 9h : 36mi,21/07/2025 23:59:59,,,4h : 40mi,,0.25,8.0,0.25,,,,,,
12292,SPG,,B010R001,UNIDADE TERMINAL REMOTA - UTR610,0919.018-0,,2025-07-01 11:41:59,"Adecuar la configuración de la UTR, de modo que los mapas de direccionamiento de los puntos también sean reportados vía el protocolo de comunicación IEC 60870-5-104 al nuevo sistema SCADA/EMS (e-Terra), a través de los puertos Ethernet eléctricos (RJ45) de la CPU D20MX. Considerar los documentos adjuntos para la configuración. Este servicio es en el marco del PAT, en el ámbito del SCADA/EMS.",IEE3,MEL4,MAURICIO MENON,S3.7,,,Não,,202530.0,,,Dentro do Prazo,7d 9h : 36mi,22/07/2025 23:59:59,,,3h : 39mi,,0.25,8.0,0.25,,,,,,
12293,SPG,,B010R002,UNIDADE TERMINAL REMOTA - UTR610-1,0919.019-8,,2025-07-01 11:42:05,"Adecuar la configuración de la UTR, de modo que los mapas de direccionamiento de los puntos también sean reportados vía el protocolo de comunicación IEC 60870-5-104 al nuevo sistema SCADA/EMS (e-Terra), a través de los puertos Ethernet eléctricos (RJ45) de la CPU D20MX. Considerar los documentos adjuntos para la configuración. Este servicio es en el marco del PAT, en el ámbito del SCADA/EMS.",IEE3,MEL4,MAURICIO MENON,S3.7,,,Não,,202530.0,,,Dentro do Prazo,7d 9h : 36mi,22/07/2025 23:59:59,,,3h : 39mi,,0.25,8.0,0.25,,,,,,
12294,SPG,,A008R001,UNIDADE TERMINAL REMOTA - UTR508,0919.014-7,,2025-07-01 11:42:11,"Adecuar la configuración de la UTR, de modo que los mapas de direccionamiento de los puntos también sean reportados vía el protocolo de comunicación IEC 60870-5-104 al nuevo sistema SCADA/EMS (e-Terra), a través de los puertos Ethernet eléctricos (RJ45) de la CPU D20MX. Considerar los documentos adjuntos para la configuración. Este servicio es en el marco del PAT, en el ámbito del SCADA/EMS.",IEE3,MEL4,MAURICIO MENON,S3.7,,,Não,,202530.0,,,Dentro do Prazo,7d 9h : 36mi,22/07/2025 23:59:59,,,3h : 38mi,,0.25,8.0,0.25,,,,,,
12295,SPG,,A008R002,UNIDADE TERMINAL REMOTA - UTR508-1,0919.015-5,,2025-07-01 11:42:16,"Adecuar la configuración de la UTR, de modo que los mapas de direccionamiento de los puntos también sean reportados vía el protocolo de comunicación IEC 60870-5-104 al nuevo sistema SCADA/EMS (e-Terra), a través de los puertos Ethernet eléctricos (RJ45) de la CPU D20MX. Considerar los documentos adjuntos para la configuración. Este servicio es en el marco del PAT, en el ámbito del SCADA/EMS.",IEE3,MEL4,MAURICIO MENON,S3.7,,,Não,,202530.0,,,Dentro do Prazo,7d 9h : 36mi,22/07/2025 23:59:59,,,3h : 37mi,,0.25,8.0,0.25,,,,,,
12296,SPG,,A009R001,UNIDADE TERMINAL REMOTA - UTR509,0919.016-3,,2025-07-01 11:42:22,"Adecuar la configuración de la UTR, de modo que los mapas de direccionamiento de los puntos también sean reportados vía el protocolo de comunicación IEC 60870-5-104 al nuevo sistema SCADA/EMS (e-Terra), a través de los puertos Ethernet eléctricos (RJ45) de la CPU D20MX. Considerar los documentos adjuntos para la configuración. Este servicio es en el marco del PAT, en el ámbito del SCADA/EMS.",IEE3,MEL4,MAURICIO MENON,S3.7,,,Não,,202530.0,,,Dentro do Prazo,8d 9h : 36mi,23/07/2025 23:59:59,,,19.966666666666666666666666667mi,,0.25,8.0,0.25,,,,,,
12297,SPG,,A009R002,UNIDADE TERMINAL REMOTA - UTR509-1,0919.017-1,,2025-07-01 11:42:27,"Adecuar la configuración de la UTR, de modo que los mapas de direccionamiento de los puntos también sean reportados vía el protocolo de comunicación IEC 60870-5-104 al nuevo sistema SCADA/EMS (e-Terra), a través de los puertos Ethernet eléctricos (RJ45) de la CPU D20MX. Considerar los documentos adjuntos para la configuración. Este servicio es en el marco del PAT, en el ámbito del SCADA/EMS.",IEE3,MEL4,MAURICIO MENON,S3.7,,,Não,,202530.0,,,Dentro do Prazo,8d 9h : 36mi,23/07/2025 23:59:59,,,18.5mi,,0.25,8.0,0.25,,,,,,
12298,SPG,,B012R001,UNIDADE TERMINAL REMOTA - UTR612,0919.022-8,,2025-07-01 11:42:44,"Adecuar la configuración de la UTR, de modo que los mapas de direccionamiento de los puntos también sean reportados vía el protocolo de comunicación IEC 60870-5-104 al nuevo sistema SCADA/EMS (e-Terra), a través de los puertos Ethernet eléctricos (RJ45) de la CPU D20MX. Considerar los documentos adjuntos para la configuración. Este servicio es en el marco del PAT, en el ámbito del SCADA/EMS.",IEE3,MEL4,MAURICIO MENON,S3.7,,,Não,,202530.0,,,Dentro do Prazo,8d 9h : 36mi,23/07/2025 23:59:59,,,17.9mi,,0.25,8.0,0.25,,,,,,
12299,SPG,,B012R002,UNIDADE TERMINAL REMOTA - UTR612-1,0919.023-6,,2025-07-01 11:42:50,"Adecuar la configuración de la UTR, de modo que los mapas de direccionamiento de los puntos también sean reportados vía el protocolo de comunicación IEC 60870-5-104 al nuevo sistema SCADA/EMS (e-Terra), a través de los puertos Ethernet eléctricos (RJ45) de la CPU D20MX. Considerar los documentos adjuntos para la configuración. Este servicio es en el marco del PAT, en el ámbito del SCADA/EMS.",IEE3,MEL4,MAURICIO MENON,S3.7,,,Não,,202530.0,,,Dentro do Prazo,8d 9h : 36mi,23/07/2025 23:59:59,,,17.333333333333333333333333333mi,,0.25,8.0,0.25,,,,,,
12300,SPG,,T075U007,SWITCH BITOFSW1,3136.007-5,,2025-07-04 11:30:53,"Desinstalar, desmontar y realizar el mapeo-correlación de los puertos - hosts del switch, especialmente los correspondientes a las consolas BITCON 16, 17, 21, 23, 24, 25, 28, 29 y 30 y posteriormente trasladar al nuevo Edificio de Mantenimiento para su reinstalación. Servicio a realizarse el 12/07 en el ámbito de la migración de las consolas del SCADA NMR5 al nuevo Edif. de Mant.",IEE3,MEL4,SILVA VARGAS FRANCISCO JAVIER,S3.6,,,Não,,202528.0,,,Dentro do Prazo,Fora de Prazo,12/07/2025 23:59:59,2d 14h : 24mi,12/07/2025 23:59:59,7d 22h : 54mi,,0.25,8.0,0.25,,,,,,
12301,SPG,,T075U002,SWITCH BITCOSW1,3139.001-8,,2025-07-04 11:30:57,"Desconectar cordones ópticos conectados en el módulo/puerto S3.P4 proveniente del DIO LDR, OFFICE, CCR-01 (Puertos: CN 13, 14) del panel MODEMS 1 y limpiar/conectar cordones ópticos monomodo (sueltos de color amarillo en el panel) provenientes del BEO/DIO cassete 01 (Puertos: 11, 12) del rack de la SOPHO 50Hz (Sala TELECOM 50Hz), en el mismo módulo/puerto S3.P4 del switch BITCOSW1. Servicio a realizarse el 12/07 en el ámbito de la migración de las consolas del SCADA NMR5 al nuevo Edif. de Mant.",IEE3,MEL4,SILVA VARGAS FRANCISCO JAVIER,S3.6,,,Não,,202528.0,,,Dentro do Prazo,Fora de Prazo,12/07/2025 23:59:59,2d 14h : 24mi,12/07/2025 23:59:59,7d 22h : 45mi,,0.25,4.0,0.25,,,,,,
12302,SPG,,M092A030,SWA-DT-01-01 - SCADA - EM,1489.057-4,,2025-07-04 16:58:57,"Conectar cordones eléctricos Ethernet RJ45 en los puertos del switch correspondientes a las consolas BITCON 16, 17, 21, 23, 24, 25, 28, 29 y 30, provenientes de los puertos de red de los patch panels PP_09_02 y PP_10_02, vinculados a las tomas donde serán conectadas dichas consolas. El servicio se realizará el 12/07/2025, en el marco de la migración de las consolas del SCADA NMR5 al nuevo Edificio de Mantenimiento. El material está con la SMIN.DT.",IEE3,MEL4,SILVA VARGAS FRANCISCO JAVIER,S3.6,,,Não,,202528.0,,,Dentro do Prazo,Fora de Prazo,12/07/2025 23:59:59,2d 14h : 24mi,12/07/2025 23:59:59,7d 22h : 44mi,,0.25,4.0,0.25,,,,,,
12303,SPG,,M092A030,SWA-DT-01-01 - SCADA - EM,1489.057-4,,2025-07-04 16:59:01,"Montar e instalar switch BITOFSW1 en el Rack 01Activo del Edificio de Mantenimiento en la última posición inferior del rack. Luego, conectar cordón óptico dúplex SM en el puerto G1 del switch proveniente de los puertos 11/12 del BEO/DIO 01-01 del mismo rack. Servicio a realizarse el 12/07/25 en el ámbito de la migración de las consolas del SCADA NMR5 al nuevo Edificio de Mantenimiento. Material con la SMIN.DT.",IEE3,MEL4,SILVA VARGAS FRANCISCO JAVIER,S3.6,,,Não,,202528.0,,,Dentro do Prazo,Fora de Prazo,12/07/2025 23:59:59,2d 14h : 24mi,12/07/2025 23:59:59,7d 22h : 44mi,,0.25,4.0,0.25,,,,,,
12304,SPG,,T075W021,CONSOLE BITCON17,0920.079-4,,2025-07-07 07:53:47,"Desinstalar, trasladar e instalar la consola en su nueva ubicación, en el segundo piso del Edificio de Mantenimiento, debido a la reforma del Edificio de Producción. Los detalles de la nueva ubicación de las consolas se encuentran en los documentos adjuntos y en sus respectivos escritorios del Edificio de Mantenimiento. Coordinar el servicio con OP.DT (Sandra de GSS).",IEE3,MEL4,SILVA VARGAS FRANCISCO JAVIER,S3.6,,,Não,,202528.0,,,Dentro do Prazo,Fora de Prazo,12/07/2025 23:59:59,2d 14h : 24mi,12/07/2025 23:59:59,7d 22h : 43mi,,0.25,2.0,0.25,,,,,,
12305,SPG,,T075W034,CONSOLE BITCON30,0920.092-9,,2025-07-07 07:53:49,"Desinstalar, trasladar e instalar la consola en su nueva ubicación, en el segundo piso del Edificio de Mantenimiento, debido a la reforma del Edificio de Producción. Los detalles de la nueva ubicación de las consolas se encuentran en los documentos adjuntos y en sus respectivos escritorios del Edificio de Mantenimiento. Coordinar el servicio con OP.DT (Sandra de GSS).",IEE3,MEL4,SILVA VARGAS FRANCISCO JAVIER,S3.6,,,Não,,202528.0,,,Dentro do Prazo,Fora de Prazo,12/07/2025 23:59:59,2d 14h : 24mi,12/07/2025 23:59:59,7d 22h : 42mi,,0.25,2.0,0.25,,,,,,
12306,SPG,,T075W029,CONSOLE BITCON25,0920.087-4,,2025-07-07 07:53:52,"Desinstalar, trasladar e instalar la consola en su nueva ubicación, en el segundo piso del Edificio de Mantenimiento, debido a la reforma del Edificio de Producción. Los detalles de la nueva ubicación de las consolas se encuentran en los documentos adjuntos y en sus respectivos escritorios del Edificio de Mantenimiento. Coordinar el servicio con OP.DT (Sandra de GSS).",IEE3,MEL4,SILVA VARGAS FRANCISCO JAVIER,S3.6,,,Não,,202528.0,,,Dentro do Prazo,Fora de Prazo,12/07/2025 23:59:59,2d 14h : 24mi,12/07/2025 23:59:59,7d 22h : 42mi,,0.25,2.0,0.25,,,,,,
12307,SPG,,T075W028,CONSOLE BITCON24,0920.086-2,,2025-07-07 07:53:53,"Desinstalar, trasladar e instalar la consola en su nueva ubicación, en el segundo piso del Edificio de Mantenimiento, debido a la reforma del Edificio de Producción. Los detalles de la nueva ubicación de las consolas se encuentran en los documentos adjuntos y en sus respectivos escritorios del Edificio de Mantenimiento. Coordinar el servicio con OP.DT (Sandra de GSS).",IEE3,MEL4,SILVA VARGAS FRANCISCO JAVIER,S3.6,,,Não,,202528.0,,,Dentro do Prazo,Fora de Prazo,12/07/2025 23:59:59,2d 14h : 24mi,12/07/2025 23:59:59,7d 22h : 41mi,,0.25,2.0,0.25,,,,,,
12308,SPG,,T075W027,CONSOLE BITCON23,0920.085-0,,2025-07-07 07:53:56,"Desinstalar, trasladar e instalar la consola en su nueva ubicación, en el segundo piso del Edificio de Mantenimiento, debido a la reforma del Edificio de Producción. Los detalles de la nueva ubicación de las consolas se encuentran en los documentos adjuntos y en sus respectivos escritorios del Edificio de Mantenimiento. Coordinar el servicio con OP.DT (Sandra de GSS).",IEE3,MEL4,SILVA VARGAS FRANCISCO JAVIER,S3.6,,,Não,,202528.0,,,Dentro do Prazo,Fora de Prazo,12/07/2025 23:59:59,2d 14h : 24mi,12/07/2025 23:59:59,7d 22h : 40mi,,0.25,2.0,0.25,,,,,,
12309,SPG,,T075W025,CONSOLE BITCON21,0920.083-7,,2025-07-07 07:53:57,"Desinstalar, trasladar e instalar la consola en su nueva ubicación, en el segundo piso del Edificio de Mantenimiento, debido a la reforma del Edificio de Producción. Los detalles de la nueva ubicación de las consolas se encuentran en los documentos adjuntos y en sus respectivos escritorios del Edificio de Mantenimiento. Coordinar el servicio con OP.DT (Sandra de GSS).",IEE3,MEL4,SILVA VARGAS FRANCISCO JAVIER,S3.6,,,Não,,202528.0,,,Dentro do Prazo,Fora de Prazo,12/07/2025 23:59:59,2d 14h : 24mi,12/07/2025 23:59:59,7d 22h : 39mi,,0.25,2.0,0.25,,,,,,
12310,SPG,202509094,T075Q002,SERVIDOR BITRAS1 - EMS SCADA E APLICATIVOS,0921.051-7,,2025-07-07 11:16:44,"Ajustar parâmetros BIAS, SCALE e HLIM6 do ponto SEMD_500/YZU2 FRECUENCIA (RTU 119, PNT 53) de (BIAS:0, SCALE:50 e HLIM6:50) para (BIAS:0, SCALE:60 e HLIM6:55).",IEE3,MEL4,MAURICIO MENON,S3.7,,,Não,,202530.0,,,Dentro do Prazo,6d 9h : 36mi,21/07/2025 23:59:59,,,1d 5h : 8mi,,0.25,2.0,0.25,,,,,,
12311,SPG,202508539,T075Q002,SERVIDOR BITRAS1 - EMS SCADA E APLICATIVOS,0921.051-7,,2025-07-07 14:00:28,"Conforme SSA 202508539 ""Alterar SUBNAM e PNTNAM dos pontos calculados IBCALC5 UXX CGI NIVEL ACEITE ANORMAL e IBCALC6 UXX MGI NIVEL OLEO ANORMAL para UXX CGI ACEITE NIVEL ANORMAL-EVALUAR EMISION DE SSA e UXX MGI OLEO NIVEL ANORMAL-AVALIAR EMISSAO DE SSA conforme planilha em anexo."" 

Obs: Duvida sanada com a area emissora, trata-se de um padrão adotado na SOANLG que passará a valer para a SOSTAT. O texto já é adotado na tabela em questão.",IEE3,MEL4,MAURICIO MENON,S3.7,,,Não,,202530.0,,,Dentro do Prazo,6d 9h : 36mi,21/07/2025 23:59:59,,,1d 5h : 9mi,,0.25,2.0,0.25,,,,,,
12312,SPG,,T075Q002,SERVIDOR BITRAS1 - EMS SCADA E APLICATIVOS,0921.051-7,,2025-07-08 16:40:03,"Incluir na SOSTAT os pontos referentes à sinalização de 51OL-P (STEP 2) ECCA para o T0X/R0X e T05/R05. Vide arquivo  anexo. Simular os pontos criados desde o Gateway (G045J007) até o SCADA, confirmando o acionamento dos alarmes e eventos correspondentes. 

Ref. 
DPS-107
SSA 202508992  Implementação dos pontos na RTU560 do TX-RX T5-R5
SSA 202510648  Implementação dos pontos no SCC.
",IEE3,MEL4,LUCAS COSTA CICARELLI,S3.6,,,Não,,202530.0,,,Dentro do Prazo,6d 9h : 36mi,21/07/2025 23:59:59,,,1d 5h : 9mi,,0.25,8.0,0.25,,,,,,
12313,SPG,,D044C005,ESTACAO DE ENGENHARIA EST,3287.001-2,,2025-07-08 17:00:03,"Realizar atualização de BIOS para a versão 2.8.49152.165  devido à vulnerabilidades relatadas no boletim de serviço SEL 2025.05.

Seguir procedimentos descritos no arquivo ""Procedimento Atualizacao BIOS e ME - SEL-3355-2-Boletim 25-05-S97A01.pdf""  (P:\Automatizacion\D44C - SEP 765kV - Painel Alternado\D44C05 - Estação de 
Engenharia EST\SEL Bulletin\2025.05). Obs: Procedimento já realizado para a Estação sobressalente (SSA 202503086).",IEE3,MEL4,LUCAS COSTA CICARELLI,S2,,,Não,,202529.0,,,Dentro do Prazo,2d 9h : 36mi,17/07/2025 23:59:59,,,6d 5h : 28mi,,0.25,16.0,0.25,,,,,,
12314,SPG,,T075W033,CONSOLE BITCON29,0920.091-7,,2025-07-10 17:13:11,"Desinstalar, trasladar e instalar la consola del SCADA correspondiente a la SMME.DT en su nueva ubicación, en el 1er piso del Edificio de Mantenimiento, debido a la reforma del Edificio de Producción. El servicio está previsto inicialmente para el día 12/07/2025, en el marco de la migración de las consolas del SCADA NMR5 al nuevo Edificio de Mantenimiento.",IEE3,MEL4,SILVA VARGAS FRANCISCO JAVIER,S3.6,,,Não,,202531.0,,,Dentro do Prazo,13d 9h : 36mi,28/07/2025 23:59:59,,,3d 23h : 48mi,,0.25,8.0,0.25,,,,,,
12315,SPG,202509975,T075Q002,SERVIDOR BITRAS1 - EMS SCADA E APLICATIVOS,0921.051-7,,2025-07-14 08:04:55,"Realizar alteraciones en el banco de datos del SCADA NMR5 (SOSTAT), conforme a los detalles del documento adjunto, en relación con la implementación del sistema de supervisión de frenos de la UG-07 (PSDF-07), la cual se llevará a cabo durante el PD de la UG-07, previsto del 21/07/25 al 08/08/25.",IEE3,MEL4,SILVA VARGAS FRANCISCO JAVIER,S3.6,,,Não,,202530.0,,,Dentro do Prazo,6d 9h : 36mi,21/07/2025 23:59:59,,,1d 5h : 13mi,,0.17,0.33,0.17,,,,,,
12316,SPG,202510403,T075Q002,SERVIDOR BITRAS1 - EMS SCADA E APLICATIVOS,0921.051-7,,2025-07-14 09:30:29,"Conforme solicitação recebida, ""Alterar el campo LLIM5 para 18 puntos de la tabla SOANLG, relacionados a la supervisión del nivel del tanque de expansión del sistema de agua pura en unidades convencionales, según solicitado en la SSA 202509809 y conforme archivo anexo.""",IEE3,MEL4,MAURICIO MENON,S3.7,,,Não,,202530.0,,,Dentro do Prazo,6d 9h : 36mi,21/07/2025 23:59:59,,,1d 4h : 40mi,,0.17,0.33,0.17,,,,,,
12317,SPG,,T075Q002,SERVIDOR BITRAS1 - EMS SCADA E APLICATIVOS,0921.051-7,,2025-07-14 09:45:19,"Conforme solicitação originalmente enviada na SSA 202506355  ""... realizar la implementación de alarmas por limite inferior y superior en los valores analógicos del canal manual ""EXCITACAO POTENCIOMETRO MANUAL POSICAO"" y automático ""EXCITACAO POTENCIOMETRO AUTOMATICO POSICAO"" para los puntos del SCADA del sistema de excitación de las unidades generadoras. "" conforme anexo.

Obs: SSA será cadastrada como relacionada.",IEE3,MEL4,MAURICIO MENON,S3.7,,,Não,,202530.0,,,Dentro do Prazo,6d 9h : 36mi,21/07/2025 23:59:59,,,1d 40mi,,0.17,0.33,0.17,,,,,,
12318,SPG,202501307,E114P005,ESTAÇÃO DE SUPERVISÃO E CONTROLE IHM LOCAL 2S-L1314-2CRL2,3003.005-2,,2025-01-31 08:08:08,"Realizar modificación de descriptivo y par de mensajes de punto sobre falla de los IEDs IP5V13/IA5V13, conforme anexo.",IEE3,MEL4,VILLAR RIVAS ALBERTO,S3.6,,,Não,,202551.0,,,Dentro do Prazo,"5m, 4d 21h : 36mi",19/12/2025 23:59:59,,,"3m, 19d 15h : 36mi",,0.25,8.0,0.25,,,,,,
12319,SPG,202305844,M066Z040,RACK UTA-21,3204.021-3,,2024-04-15 16:52:07,"Verificar a falta de SFP industriais compatíveis com switch, conforme indicado no workstatement.
Detectado durante execução do comissionamento (SSA 202217201).",MEL4,IEE4,RODRIGO DE PONTES ADACHI,S2,,,Não,,202507.0,,,Fora de Prazo,Fora de Prazo,12/02/2025 23:59:59,"5m, 2h : 25mi",12/02/2025 23:59:59,"5m, 5d 9h : 10mi",,,2.0,,,,,,,
12320,SPG,,M066C059,SERVIDOR VIRTUAL SIRI-ISE-VM01,3138.008-6,,2024-08-28 08:48:35,[UPAC - Integração com ESAI]:Solicitamos apoio para realizar as gestões necessárias para integrar o switch de UPAC ESAI-STC60-SWA25 ao CISCO ISE e PRIME do ambiente do SIRI. O equipamento foi instalado na UPAC no âmbito do CT 4500041509 - Tecmount para a integração em rede dos equipamentos de segurança instalados.,IEE3,IEE4,LUCAS COSTA CICARELLI,S3.7,,,Não,,202509.0,,,Fora de Prazo,Fora de Prazo,24/02/2025 23:59:59,"4m, 18d 14h : 25mi",24/02/2025 23:59:59,"5m, 5d 9h : 11mi",,,3.0,,,,,,,
12321,SPG,,M066Q040,RACK UTA-20,3204.022-5,,2024-11-12 11:11:14,"Se solicita parecer técnico para verificación/corrección de aterramiento en los Acces Point LAP01, LAP02, LAP03 y LAP04. Fueron verificados durante la etapa de Comisionamiento WIRELESS UTA20 - SIRI que los mismos no se encuentran aterrados. Foto de referencia en Anexo.",MEL4,IEE4,ROJAS VIGO ALDO DARIO,S3.1,,,Não,,202508.0,,,Fora de Prazo,Fora de Prazo,18/02/2025 23:59:59,"4m, 24d 14h : 25mi",18/02/2025 23:59:59,"5m, 5d 9h : 15mi",,,6.0,,,,,,,
12322,SPG,,M040B007,SWITCH CORE - T 60 Hz,1496.006-0,,2025-02-07 10:12:20,"Solicitamos apoyo para realizar las gestiones necesarias para integrar el SWITCH CORE - T 60 Hz, al CISCO ISE y CISCO PRIME del ambiente SIRI. El switch fué instalado en el marco del CT 4500075942 para la ampliación de la Telefonía SOPHO en el nuevo Edificio de Mantenimiento.
Switch, marca CISCO modelo CATALYST C9300-24S-E",IEE3,IEE4,CASTILLO CENTURION ELIAS FRANCISCO,S2,,,Não,,202510.0,,,Dentro do Prazo,Fora de Prazo,05/03/2025 23:59:59,"4m, 9d 14h : 25mi",05/03/2025 23:59:59,"5m, 5d 9h : 17mi",,,9.97,,,,,,,
12323,SPG,,M039B007,SWITCH CORE - T 50 Hz,1496.005-8,,2025-02-07 10:12:36,"Solicitamos apoyo para realizar las gestiones necesarias para integrar el SWITCH CORE - T 50 Hz, al CISCO ISE y CISCO PRIME del ambiente SIRI. El switch fué instalado en el marco del CT 4500075942 para la ampliación de la Telefonía SOPHO en el nuevo Edificio de Mantenimiento.
Switch, marca CISCO modelo CATALYST C9300-24S-E",IEE3,IEE4,CASTILLO CENTURION ELIAS FRANCISCO,S2,,,Não,,202510.0,,,Dentro do Prazo,Fora de Prazo,06/03/2025 23:59:59,"4m, 8d 14h : 25mi",06/03/2025 23:59:59,"5m, 5d 9h : 22mi",,,9.97,,,,,,,
12324,SPG,202317589,A033E001,PAINEL SMT-WEB,3210.001-7,,2023-11-29 10:17:08,"Solicitamos análisis y parecer respecto al pedido de la SMIE.DT para realizar la conexion de un computador de la sala de monitoreo de la GIS al sistema SMT-WEB via la red SIRI.
Ref SSA 202317049 / 202317589",MEL4,IEE4,LOBO MARTINEZ JUAN ALBERTO,S3.1,,,Não,,202506.0,,,Fora de Prazo,Fora de Prazo,04/02/2025 23:59:59,"5m, 8d 2h : 25mi",04/02/2025 23:59:59,"5m, 12d 9h : 10mi",,,5.0,,,,,,,
12325,SPG,,M066Y039,SERVIDOR SIRI-UTA00-SRV01,1351.011-7,,2023-12-28 16:58:28,"Solicitamos verificar a possibilidade de instalar um UPS para o servidor SIRI-UTA00-SRV01 instalado na sala REDOM, no terceiro piso do edifício de produção. O mesmo tem sofrido de falta de energia elétrica e já apresentou falhas devido a esses eventos. SSA de referência 202320072",MEL4,IEE4,EDUARDO SACHWEK FONTANETTI,S2,,,Não,,202509.0,,,Fora de Prazo,Fora de Prazo,26/02/2025 23:59:59,"4m, 16d 14h : 25mi",26/02/2025 23:59:59,"5m, 5d 9h : 26mi",,,20.0,,,,,,,
12326,SPG,,M066O040,RACK UTA-19,3204.019-4,,2024-05-17 16:42:05,"Se solicita parecer técnico sobre el estado actual del rack de la UTA19 donde recientemente fue instalado el servidor WITNESS del SIRI y SOPHO (detalle en la SSA 202407015). Los postes que sujetan los equipos se encuentran fijados a una profundidad y anchura menor a las necesarias para que el servidor físico del WITNESS pueda ser rackeado de manera óptima (ya sea con sus propios rieles deslizantes o soportes fijos, ver imagenes adjuntas). 
",MEL4,IEE4,YU VILLALBA ALOYSIUS,S1,,,Não,,202508.0,,,Fora de Prazo,Fora de Prazo,17/02/2025 23:59:59,"4m, 25d 14h : 25mi",17/02/2025 23:59:59,"5m, 5d 9h : 33mi",,,4.0,,,,,,,
12327,SPG,202407914,C080D001,SERVIDOR DO SISTEMA SMG 50/60 HZ,2487.001-2,,2024-06-11 10:29:18,"DEBIDO A UN DEFECTO DE SINCRONIZACIÓN CONSTATADO POR EL PERSONAL DE CAMPO (MET3), SE SOLICITA A ESE SECTOR LAS PROVIDENCIAS PARA QUE LA MARCA DE TIEMPO (TIMESTAMP) DEL SISTEMA DE MONITOREO DE GAS (SMG) SEA SINCRONIZADO CON EL DE LA CHI VÍA PROTOCOLO NTP (NETWORK TIME PROTOCOL), DE FORMA A QUE LAS EVENTUALES OCORRENCIAS SE ENCUENTREN DEBIDAMENTE REGISTRADAS. ",IEQ3,IEE4,OSORIO PAREDES ADRIAN ENRIQUE RAMON,S3.7,,,Não,,202508.0,,,Fora de Prazo,Fora de Prazo,21/02/2025 23:59:59,"4m, 21d 14h : 25mi",21/02/2025 23:59:59,"5m, 5d 9h : 35mi",,,5.0,,,,,,,
12328,SPG,,J039D001,FONTE DE ALIMENT. ININTERRUPTA (UPS-CF50) E ACESSÓRIOS,3258.004-5,,2023-11-01 07:22:39,"Solicita-se atualização da lista de cabos 6209-LC-15244-E referente à ligação entre a UPS-CF50 e o banco de baterias, conforme anexo.",MEL3,IEQ2,SIGMAR MIRANDA DOS SANTOS,S3.2,,,Não,,202547.0,,,Fora de Prazo,"4m, 6d 9h : 34mi",20/11/2025 23:59:59,,,"7m, 3d 10h : 8mi",,,9.0,,,,,,,
12329,SPG,,M030A002,QUADRO SECUNDARIO (QS),0623.002-4,,2024-11-19 15:46:26,"Solicito realización de trabajos de pintura en dos armarios de telefonía (QS) ubicados en la presa principal, conforme anexo.
Cuadro QS-2H: Cota 214 trecho H5 del canal de desvío.
Cuadro QS-23: Cota 99 trecho F28 (acceso por elevador E4 a la cota 99 o acceso vía elevador E3 hasta la cota 111 y bajar por las escaleras el cuadro se encuentra atrás de las escaleras).
Obs: Realizar el trabajo de pintura en la parte externa, la parte interna de las puertas y en la base interna del armario.",MEL3,MCI4,ROMERO MEZA PABLO YVAN,S1,,,Não,,202527.0,,,Fora de Prazo,Fora de Prazo,02/07/2025 23:59:59,12d 14h : 25mi,02/07/2025 23:59:59,"5m, 20d 17h : 33mi",,0.42,6.0,0.5,,,,,,
12330,SPG,,M040A001,PABX SOPHO IS 3090 PHILIPS CM - 60 HZ,0879.004-3,,2025-04-01 16:15:52,"Verificar/reparar placa PSU-MLD, ns. JQTJ100053. Led PSU_OK não acende, indicando mau funcionamento. Recomenda-se a troca dos capacitores axiais (brancos, em destaque nas fotos em anexo) por novos de mesma capacitância e tensão.",MEL3,ILA2,WILLIAN DRAYTON PRESTES ALVES,S2,,,Não,,202527.0,,,Fora de Prazo,Fora de Prazo,03/07/2025 23:59:59,11d 14h : 25mi,03/07/2025 23:59:59,28d 7h : 56mi,,0.33,3.5,0.17,,,,,,
12331,SPG,,S014A001,CARREGADORES DE BATERIA,0733.001-4,,2025-06-24 16:52:35,Verificar ruido anormal en cargador de baterías luego de conectar una carga a la misma.,MEL3,ILA2,RAMIREZ GONZALEZ LUIS MARCELO,S2,,,Não,,202534.0,,,Dentro do Prazo,"1m, 4d 21h : 34mi",19/08/2025 23:59:59,,,20d 7h : 32mi,,0.33,3.5,0.17,,,,,,
12332,SPG,,S010A002,GERADORES DE FUNCAO/NIVEL E ACESSÓRIOS,0725.002-9,,2025-07-01 11:18:39,Reparar y/o comprar accesorio roto (conector SC/PC) del Generador de potencia óptica Yokogawa AQ4280 IB-3745. Obs. Se cuenta con un solo accesorio de reserva.,MEL3,ILA2,RAMIREZ GONZALEZ LUIS MARCELO,S2,,,Não,,202535.0,,,Dentro do Prazo,"1m, 13d 21h : 34mi",28/08/2025 23:59:59,,,13d 7h,,0.33,3.0,0.17,,,,,,
12333,SPG,202507452,M084B008,LIMNÍMETRO,0395.037-3,,2025-07-11 16:28:39,Substituir sensor limnímetro que apresenta falhas de leitura. Derivada da SSA: 202507452,MEL3,MEL3,FABRICIO MARCATO,S2,,,Não,,202529.0,,,Dentro do Prazo,1d 9h : 34mi,16/07/2025 23:59:59,,,1d 22mi,,0.67,4.0,0.73,,,,,,
12334,SPG,202507455,M086B008,LIMNÍMETRO,0395.012-7,,2025-07-11 16:28:56,Substituir sensor de nível que está apresentando falhas de leituras. Derivada da SSA: 202507455,MEL3,MEL3,FABRICIO MARCATO,S2,,,Não,,202529.0,,,Dentro do Prazo,1d 9h : 34mi,16/07/2025 23:59:59,,,1d 23mi,,0.67,4.0,0.73,,,,,,
12335,SPG,,S014A003,FONTES ALIMENTACAO,0733.003-0,,2025-07-14 16:46:51,Verificar/Reparar fuente de alimentación para etiquetadora Brother. El mismo se encuentra con el cable dañado.,MEL3,ILA2,RAMIREZ GONZALEZ LUIS MARCELO,S2,,,Não,,202535.0,,,Dentro do Prazo,"1m, 12d 21h : 34mi",27/08/2025 23:59:59,,,5h : 52mi,,0.33,2.5,0.17,,,,,,
12336,SPG,,M044B003,SISMOMETRO E ACESSÓRIOS,0915.009-2,,2024-09-18 07:30:50,"Realizar reparos civis e pintura na caseta do abrigo da estação de sismologia de São Clemente.  Local apresenta ferragens expostas, pintura desgastada e cobertura danificada. Conforme imagens em anexo. ",MEL3,MCI1,FABRICIO MARCATO,S2,,,Não,,202614.0,,,Fora de Prazo,"8m, 14d 9h : 35mi",30/03/2026 23:59:59,,,20d 6h : 34mi,,4.25,42.0,2.25,,,,,,
12337,SPG,,M086F008,LIMNÍMETRO,0395.016-4,,2024-03-04 08:41:56,Determinar nível da água da estação. Valor preferencialmente deve ser coletado em hora cheia e com o sensor medindo coluna d'água.  Verificar a possibilidade de correlacionar este valor com outra estação. ,MEL3,OSH1,FABRICIO MARCATO,S2,,,Não,,202527.0,,,Não Aplica,Fora de Prazo,01/07/2025 23:59:59,13d 14h : 25mi,01/07/2025 23:59:59,"1m, 12d 15h : 58mi",,,,,,,,,,
12338,SPG,,M086E008,LIMNÍMETRO,0395.015-2,,2024-03-04 08:42:05,Determinar nível da água da estação. Valor preferencialmente deve ser coletado em hora cheia e com o sensor medindo coluna d'água.  Verificar a possibilidade de correlacionar este valor com outra estação. ,MEL3,OSH1,FABRICIO MARCATO,S2,,,Não,,202527.0,,,Não Aplica,Fora de Prazo,01/07/2025 23:59:59,13d 14h : 25mi,01/07/2025 23:59:59,"1m, 12d 15h : 54mi",,,,,,,,,,
12339,SPG,,M085G008,LIMNÍMETRO,0395.027-0,,2024-03-04 08:42:11,Determinar nível da água da estação. Valor preferencialmente deve ser coletado em hora cheia e com o sensor medindo coluna d'água.  Verificar a possibilidade de correlacionar este valor com outra estação. ,MEL3,OSH1,FABRICIO MARCATO,S2,,,Não,,202527.0,,,Não Aplica,Fora de Prazo,03/07/2025 23:59:59,11d 14h : 25mi,03/07/2025 23:59:59,"1m, 12d 15h : 46mi",,,,,,,,,,
12340,SPG,202509614,T075Q002,SERVIDOR BITRAS1 - EMS SCADA E APLICATIVOS,0921.051-7,,2025-06-30 07:48:14,"Providenciar alteração de descritivo e nível de alarme no SCADA de ponto para atendimento da SSA 202509599, conforme anexo.",OUO0,MEL4,DOUGLAS TEIXEIRA BARRETO,S3.6,,,Não,,202530.0,,,Dentro do Prazo,6d 9h : 34mi,21/07/2025 23:59:59,,,15d 3h : 8mi,,0.17,0.33,0.17,,,,,,
12341,SPG,,T075Q002,SERVIDOR BITRAS1 - EMS SCADA E APLICATIVOS,0921.051-7,,2025-06-30 14:22:32,"Providenciar alteração de descritivos, SUBNAM, CAT, CLASS, TXTINX, ACRONM, NORMST, HISFLG, SOETYP, SOEHIS na SOSTAT para uso posterior com ibcalc, conforme anexo.",OUO0,MEL4,DOUGLAS TEIXEIRA BARRETO,S3.6,,,Não,,202530.0,,,Dentro do Prazo,6d 9h : 34mi,21/07/2025 23:59:59,,,14d 22h : 57mi,,0.17,0.33,0.17,,,,,,
12342,SPG,202509854,T075Q002,SERVIDOR BITRAS1 - EMS SCADA E APLICATIVOS,0921.051-7,,2025-06-30 16:30:33,"Providenciar a eliminação de pontos na SORCAL e SORPAR, conforme anexo, para transferência de cálculos do RTC para o ibcalc. ",SOA0,MEL4,TERESINHA ARNAUTS HACHISUCA,S3.6,,,Não,,202530.0,,,Dentro do Prazo,6d 9h : 34mi,21/07/2025 23:59:59,,,14d 21h : 32mi,,0.17,0.33,0.17,,,,,,
12343,SPG,202414541,B012J026,PAINEL DE MONITORAMENTO SMT-12,1083.014-4,,2025-07-01 10:32:35,"Solicitamos apoio para habilitar switch do SMT-12, de modo a permitir a conexão do sensor TRANSFIX na rede SIRI.",MET1,MEL4,EDUARDA ABATTI DAHLEM,S3.10,,,Não,,202529.0,,,Dentro do Prazo,Fora de Prazo,14/07/2025 23:59:59,14h : 26mi,14/07/2025 23:59:59,12d 23h : 20mi,,0.25,8.0,0.25,,,,,,
12344,SPG,,A004R001,UNIDADE TERMINAL REMOTA - UTR504,0919.006-6,,2025-07-01 11:41:34,"Adecuar la configuración de la UTR, de modo que los mapas de direccionamiento de los puntos también sean reportados vía el protocolo de comunicación IEC 60870-5-104 al nuevo sistema SCADA/EMS (e-Terra), a través de los puertos Ethernet eléctricos (RJ45) de la CPU D20MX. Considerar los documentos adjuntos para la configuración. Este servicio es en el marco del PAT, en el ámbito del SCADA/EMS.",IEE3,MEL4,MAURICIO MENON,S3.7,,,Não,,202530.0,,,Dentro do Prazo,6d 9h : 34mi,21/07/2025 23:59:59,,,4h : 41mi,,0.25,8.0,0.25,,,,,,
12345,SPG,,A004R002,UNIDADE TERMINAL REMOTA - UTR504-1,0919.007-4,,2025-07-01 11:41:41,"Adecuar la configuración de la UTR, de modo que los mapas de direccionamiento de los puntos también sean reportados vía el protocolo de comunicación IEC 60870-5-104 al nuevo sistema SCADA/EMS (e-Terra), a través de los puertos Ethernet eléctricos (RJ45) de la CPU D20MX. Considerar los documentos adjuntos para la configuración. Este servicio es en el marco del PAT, en el ámbito del SCADA/EMS.",IEE3,MEL4,MAURICIO MENON,S3.7,,,Não,,202530.0,,,Dentro do Prazo,6d 9h : 34mi,21/07/2025 23:59:59,,,4h : 40mi,,0.25,8.0,0.25,,,,,,
12346,SPG,,A007R001,UNIDADE TERMINAL REMOTA - UTR507,0919.012-0,,2025-07-01 11:41:47,"Adecuar la configuración de la UTR, de modo que los mapas de direccionamiento de los puntos también sean reportados vía el protocolo de comunicación IEC 60870-5-104 al nuevo sistema SCADA/EMS (e-Terra), a través de los puertos Ethernet eléctricos (RJ45) de la CPU D20MX. Considerar los documentos adjuntos para la configuración. Este servicio es en el marco del PAT, en el ámbito del SCADA/EMS.",IEE3,MEL4,MAURICIO MENON,S3.7,,,Não,,202530.0,,,Dentro do Prazo,6d 9h : 34mi,21/07/2025 23:59:59,,,4h : 42mi,,0.25,8.0,0.25,,,,,,
12347,SPG,,A007R002,UNIDADE TERMINAL REMOTA - UTR507-1,0919.013-9,,2025-07-01 11:41:53,"Adecuar la configuración de la UTR, de modo que los mapas de direccionamiento de los puntos también sean reportados vía el protocolo de comunicación IEC 60870-5-104 al nuevo sistema SCADA/EMS (e-Terra), a través de los puertos Ethernet eléctricos (RJ45) de la CPU D20MX. Considerar los documentos adjuntos para la configuración. Este servicio es en el marco del PAT, en el ámbito del SCADA/EMS.",IEE3,MEL4,MAURICIO MENON,S3.7,,,Não,,202530.0,,,Dentro do Prazo,6d 9h : 34mi,21/07/2025 23:59:59,,,4h : 41mi,,0.25,8.0,0.25,,,,,,
12348,SPG,,B010R001,UNIDADE TERMINAL REMOTA - UTR610,0919.018-0,,2025-07-01 11:41:59,"Adecuar la configuración de la UTR, de modo que los mapas de direccionamiento de los puntos también sean reportados vía el protocolo de comunicación IEC 60870-5-104 al nuevo sistema SCADA/EMS (e-Terra), a través de los puertos Ethernet eléctricos (RJ45) de la CPU D20MX. Considerar los documentos adjuntos para la configuración. Este servicio es en el marco del PAT, en el ámbito del SCADA/EMS.",IEE3,MEL4,MAURICIO MENON,S3.7,,,Não,,202530.0,,,Dentro do Prazo,7d 9h : 34mi,22/07/2025 23:59:59,,,3h : 41mi,,0.25,8.0,0.25,,,,,,
12349,SPG,,B010R002,UNIDADE TERMINAL REMOTA - UTR610-1,0919.019-8,,2025-07-01 11:42:05,"Adecuar la configuración de la UTR, de modo que los mapas de direccionamiento de los puntos también sean reportados vía el protocolo de comunicación IEC 60870-5-104 al nuevo sistema SCADA/EMS (e-Terra), a través de los puertos Ethernet eléctricos (RJ45) de la CPU D20MX. Considerar los documentos adjuntos para la configuración. Este servicio es en el marco del PAT, en el ámbito del SCADA/EMS.",IEE3,MEL4,MAURICIO MENON,S3.7,,,Não,,202530.0,,,Dentro do Prazo,7d 9h : 34mi,22/07/2025 23:59:59,,,3h : 40mi,,0.25,8.0,0.25,,,,,,
12350,SPG,,A008R001,UNIDADE TERMINAL REMOTA - UTR508,0919.014-7,,2025-07-01 11:42:11,"Adecuar la configuración de la UTR, de modo que los mapas de direccionamiento de los puntos también sean reportados vía el protocolo de comunicación IEC 60870-5-104 al nuevo sistema SCADA/EMS (e-Terra), a través de los puertos Ethernet eléctricos (RJ45) de la CPU D20MX. Considerar los documentos adjuntos para la configuración. Este servicio es en el marco del PAT, en el ámbito del SCADA/EMS.",IEE3,MEL4,MAURICIO MENON,S3.7,,,Não,,202530.0,,,Dentro do Prazo,7d 9h : 34mi,22/07/2025 23:59:59,,,3h : 39mi,,0.25,8.0,0.25,,,,,,
12351,SPG,,A008R002,UNIDADE TERMINAL REMOTA - UTR508-1,0919.015-5,,2025-07-01 11:42:16,"Adecuar la configuración de la UTR, de modo que los mapas de direccionamiento de los puntos también sean reportados vía el protocolo de comunicación IEC 60870-5-104 al nuevo sistema SCADA/EMS (e-Terra), a través de los puertos Ethernet eléctricos (RJ45) de la CPU D20MX. Considerar los documentos adjuntos para la configuración. Este servicio es en el marco del PAT, en el ámbito del SCADA/EMS.",IEE3,MEL4,MAURICIO MENON,S3.7,,,Não,,202530.0,,,Dentro do Prazo,7d 9h : 34mi,22/07/2025 23:59:59,,,3h : 39mi,,0.25,8.0,0.25,,,,,,
12352,SPG,,A009R001,UNIDADE TERMINAL REMOTA - UTR509,0919.016-3,,2025-07-01 11:42:22,"Adecuar la configuración de la UTR, de modo que los mapas de direccionamiento de los puntos también sean reportados vía el protocolo de comunicación IEC 60870-5-104 al nuevo sistema SCADA/EMS (e-Terra), a través de los puertos Ethernet eléctricos (RJ45) de la CPU D20MX. Considerar los documentos adjuntos para la configuración. Este servicio es en el marco del PAT, en el ámbito del SCADA/EMS.",IEE3,MEL4,MAURICIO MENON,S3.7,,,Não,,202530.0,,,Dentro do Prazo,8d 9h : 33mi,23/07/2025 23:59:59,,,21.366666666666666666666666667mi,,0.25,8.0,0.25,,,,,,
12353,SPG,,A009R002,UNIDADE TERMINAL REMOTA - UTR509-1,0919.017-1,,2025-07-01 11:42:27,"Adecuar la configuración de la UTR, de modo que los mapas de direccionamiento de los puntos también sean reportados vía el protocolo de comunicación IEC 60870-5-104 al nuevo sistema SCADA/EMS (e-Terra), a través de los puertos Ethernet eléctricos (RJ45) de la CPU D20MX. Considerar los documentos adjuntos para la configuración. Este servicio es en el marco del PAT, en el ámbito del SCADA/EMS.",IEE3,MEL4,MAURICIO MENON,S3.7,,,Não,,202530.0,,,Dentro do Prazo,8d 9h : 33mi,23/07/2025 23:59:59,,,19.9mi,,0.25,8.0,0.25,,,,,,
12354,SPG,,B012R001,UNIDADE TERMINAL REMOTA - UTR612,0919.022-8,,2025-07-01 11:42:44,"Adecuar la configuración de la UTR, de modo que los mapas de direccionamiento de los puntos también sean reportados vía el protocolo de comunicación IEC 60870-5-104 al nuevo sistema SCADA/EMS (e-Terra), a través de los puertos Ethernet eléctricos (RJ45) de la CPU D20MX. Considerar los documentos adjuntos para la configuración. Este servicio es en el marco del PAT, en el ámbito del SCADA/EMS.",IEE3,MEL4,MAURICIO MENON,S3.7,,,Não,,202530.0,,,Dentro do Prazo,8d 9h : 33mi,23/07/2025 23:59:59,,,19.3mi,,0.25,8.0,0.25,,,,,,
12355,SPG,,B012R002,UNIDADE TERMINAL REMOTA - UTR612-1,0919.023-6,,2025-07-01 11:42:50,"Adecuar la configuración de la UTR, de modo que los mapas de direccionamiento de los puntos también sean reportados vía el protocolo de comunicación IEC 60870-5-104 al nuevo sistema SCADA/EMS (e-Terra), a través de los puertos Ethernet eléctricos (RJ45) de la CPU D20MX. Considerar los documentos adjuntos para la configuración. Este servicio es en el marco del PAT, en el ámbito del SCADA/EMS.",IEE3,MEL4,MAURICIO MENON,S3.7,,,Não,,202530.0,,,Dentro do Prazo,8d 9h : 33mi,23/07/2025 23:59:59,,,18.733333333333333333333333333mi,,0.25,8.0,0.25,,,,,,
12356,SPG,,T075U007,SWITCH BITOFSW1,3136.007-5,,2025-07-04 11:30:53,"Desinstalar, desmontar y realizar el mapeo-correlación de los puertos - hosts del switch, especialmente los correspondientes a las consolas BITCON 16, 17, 21, 23, 24, 25, 28, 29 y 30 y posteriormente trasladar al nuevo Edificio de Mantenimiento para su reinstalación. Servicio a realizarse el 12/07 en el ámbito de la migración de las consolas del SCADA NMR5 al nuevo Edif. de Mant.",IEE3,MEL4,SILVA VARGAS FRANCISCO JAVIER,S3.6,,,Não,,202528.0,,,Dentro do Prazo,Fora de Prazo,12/07/2025 23:59:59,2d 14h : 26mi,12/07/2025 23:59:59,7d 22h : 56mi,,0.25,8.0,0.25,,,,,,
12357,SPG,,T075U002,SWITCH BITCOSW1,3139.001-8,,2025-07-04 11:30:57,"Desconectar cordones ópticos conectados en el módulo/puerto S3.P4 proveniente del DIO LDR, OFFICE, CCR-01 (Puertos: CN 13, 14) del panel MODEMS 1 y limpiar/conectar cordones ópticos monomodo (sueltos de color amarillo en el panel) provenientes del BEO/DIO cassete 01 (Puertos: 11, 12) del rack de la SOPHO 50Hz (Sala TELECOM 50Hz), en el mismo módulo/puerto S3.P4 del switch BITCOSW1. Servicio a realizarse el 12/07 en el ámbito de la migración de las consolas del SCADA NMR5 al nuevo Edif. de Mant.",IEE3,MEL4,SILVA VARGAS FRANCISCO JAVIER,S3.6,,,Não,,202528.0,,,Dentro do Prazo,Fora de Prazo,12/07/2025 23:59:59,2d 14h : 26mi,12/07/2025 23:59:59,7d 22h : 47mi,,0.25,4.0,0.25,,,,,,
12358,SPG,,M092A030,SWA-DT-01-01 - SCADA - EM,1489.057-4,,2025-07-04 16:58:57,"Conectar cordones eléctricos Ethernet RJ45 en los puertos del switch correspondientes a las consolas BITCON 16, 17, 21, 23, 24, 25, 28, 29 y 30, provenientes de los puertos de red de los patch panels PP_09_02 y PP_10_02, vinculados a las tomas donde serán conectadas dichas consolas. El servicio se realizará el 12/07/2025, en el marco de la migración de las consolas del SCADA NMR5 al nuevo Edificio de Mantenimiento. El material está con la SMIN.DT.",IEE3,MEL4,SILVA VARGAS FRANCISCO JAVIER,S3.6,,,Não,,202528.0,,,Dentro do Prazo,Fora de Prazo,12/07/2025 23:59:59,2d 14h : 26mi,12/07/2025 23:59:59,7d 22h : 46mi,,0.25,4.0,0.25,,,,,,
12359,SPG,,M092A030,SWA-DT-01-01 - SCADA - EM,1489.057-4,,2025-07-04 16:59:01,"Montar e instalar switch BITOFSW1 en el Rack 01Activo del Edificio de Mantenimiento en la última posición inferior del rack. Luego, conectar cordón óptico dúplex SM en el puerto G1 del switch proveniente de los puertos 11/12 del BEO/DIO 01-01 del mismo rack. Servicio a realizarse el 12/07/25 en el ámbito de la migración de las consolas del SCADA NMR5 al nuevo Edificio de Mantenimiento. Material con la SMIN.DT.",IEE3,MEL4,SILVA VARGAS FRANCISCO JAVIER,S3.6,,,Não,,202528.0,,,Dentro do Prazo,Fora de Prazo,12/07/2025 23:59:59,2d 14h : 26mi,12/07/2025 23:59:59,7d 22h : 45mi,,0.25,4.0,0.25,,,,,,
12360,SPG,,T075W021,CONSOLE BITCON17,0920.079-4,,2025-07-07 07:53:47,"Desinstalar, trasladar e instalar la consola en su nueva ubicación, en el segundo piso del Edificio de Mantenimiento, debido a la reforma del Edificio de Producción. Los detalles de la nueva ubicación de las consolas se encuentran en los documentos adjuntos y en sus respectivos escritorios del Edificio de Mantenimiento. Coordinar el servicio con OP.DT (Sandra de GSS).",IEE3,MEL4,SILVA VARGAS FRANCISCO JAVIER,S3.6,,,Não,,202528.0,,,Dentro do Prazo,Fora de Prazo,12/07/2025 23:59:59,2d 14h : 26mi,12/07/2025 23:59:59,7d 22h : 44mi,,0.25,2.0,0.25,,,,,,
12361,SPG,,T075W034,CONSOLE BITCON30,0920.092-9,,2025-07-07 07:53:49,"Desinstalar, trasladar e instalar la consola en su nueva ubicación, en el segundo piso del Edificio de Mantenimiento, debido a la reforma del Edificio de Producción. Los detalles de la nueva ubicación de las consolas se encuentran en los documentos adjuntos y en sus respectivos escritorios del Edificio de Mantenimiento. Coordinar el servicio con OP.DT (Sandra de GSS).",IEE3,MEL4,SILVA VARGAS FRANCISCO JAVIER,S3.6,,,Não,,202528.0,,,Dentro do Prazo,Fora de Prazo,12/07/2025 23:59:59,2d 14h : 26mi,12/07/2025 23:59:59,7d 22h : 44mi,,0.25,2.0,0.25,,,,,,
12362,SPG,,T075W029,CONSOLE BITCON25,0920.087-4,,2025-07-07 07:53:52,"Desinstalar, trasladar e instalar la consola en su nueva ubicación, en el segundo piso del Edificio de Mantenimiento, debido a la reforma del Edificio de Producción. Los detalles de la nueva ubicación de las consolas se encuentran en los documentos adjuntos y en sus respectivos escritorios del Edificio de Mantenimiento. Coordinar el servicio con OP.DT (Sandra de GSS).",IEE3,MEL4,SILVA VARGAS FRANCISCO JAVIER,S3.6,,,Não,,202528.0,,,Dentro do Prazo,Fora de Prazo,12/07/2025 23:59:59,2d 14h : 26mi,12/07/2025 23:59:59,7d 22h : 43mi,,0.25,2.0,0.25,,,,,,
12363,SPG,,T075W028,CONSOLE BITCON24,0920.086-2,,2025-07-07 07:53:53,"Desinstalar, trasladar e instalar la consola en su nueva ubicación, en el segundo piso del Edificio de Mantenimiento, debido a la reforma del Edificio de Producción. Los detalles de la nueva ubicación de las consolas se encuentran en los documentos adjuntos y en sus respectivos escritorios del Edificio de Mantenimiento. Coordinar el servicio con OP.DT (Sandra de GSS).",IEE3,MEL4,SILVA VARGAS FRANCISCO JAVIER,S3.6,,,Não,,202528.0,,,Dentro do Prazo,Fora de Prazo,12/07/2025 23:59:59,2d 14h : 26mi,12/07/2025 23:59:59,7d 22h : 42mi,,0.25,2.0,0.25,,,,,,
12364,SPG,,T075W027,CONSOLE BITCON23,0920.085-0,,2025-07-07 07:53:56,"Desinstalar, trasladar e instalar la consola en su nueva ubicación, en el segundo piso del Edificio de Mantenimiento, debido a la reforma del Edificio de Producción. Los detalles de la nueva ubicación de las consolas se encuentran en los documentos adjuntos y en sus respectivos escritorios del Edificio de Mantenimiento. Coordinar el servicio con OP.DT (Sandra de GSS).",IEE3,MEL4,SILVA VARGAS FRANCISCO JAVIER,S3.6,,,Não,,202528.0,,,Dentro do Prazo,Fora de Prazo,12/07/2025 23:59:59,2d 14h : 26mi,12/07/2025 23:59:59,7d 22h : 41mi,,0.25,2.0,0.25,,,,,,
12365,SPG,,T075W025,CONSOLE BITCON21,0920.083-7,,2025-07-07 07:53:57,"Desinstalar, trasladar e instalar la consola en su nueva ubicación, en el segundo piso del Edificio de Mantenimiento, debido a la reforma del Edificio de Producción. Los detalles de la nueva ubicación de las consolas se encuentran en los documentos adjuntos y en sus respectivos escritorios del Edificio de Mantenimiento. Coordinar el servicio con OP.DT (Sandra de GSS).",IEE3,MEL4,SILVA VARGAS FRANCISCO JAVIER,S3.6,,,Não,,202528.0,,,Dentro do Prazo,Fora de Prazo,12/07/2025 23:59:59,2d 14h : 26mi,12/07/2025 23:59:59,7d 22h : 41mi,,0.25,2.0,0.25,,,,,,
12366,SPG,202509094,T075Q002,SERVIDOR BITRAS1 - EMS SCADA E APLICATIVOS,0921.051-7,,2025-07-07 11:16:44,"Ajustar parâmetros BIAS, SCALE e HLIM6 do ponto SEMD_500/YZU2 FRECUENCIA (RTU 119, PNT 53) de (BIAS:0, SCALE:50 e HLIM6:50) para (BIAS:0, SCALE:60 e HLIM6:55).",IEE3,MEL4,MAURICIO MENON,S3.7,,,Não,,202530.0,,,Dentro do Prazo,6d 9h : 34mi,21/07/2025 23:59:59,,,1d 5h : 9mi,,0.25,2.0,0.25,,,,,,
12367,SPG,202508539,T075Q002,SERVIDOR BITRAS1 - EMS SCADA E APLICATIVOS,0921.051-7,,2025-07-07 14:00:28,"Conforme SSA 202508539 ""Alterar SUBNAM e PNTNAM dos pontos calculados IBCALC5 UXX CGI NIVEL ACEITE ANORMAL e IBCALC6 UXX MGI NIVEL OLEO ANORMAL para UXX CGI ACEITE NIVEL ANORMAL-EVALUAR EMISION DE SSA e UXX MGI OLEO NIVEL ANORMAL-AVALIAR EMISSAO DE SSA conforme planilha em anexo."" 

Obs: Duvida sanada com a area emissora, trata-se de um padrão adotado na SOANLG que passará a valer para a SOSTAT. O texto já é adotado na tabela em questão.",IEE3,MEL4,MAURICIO MENON,S3.7,,,Não,,202530.0,,,Dentro do Prazo,6d 9h : 34mi,21/07/2025 23:59:59,,,1d 5h : 10mi,,0.25,2.0,0.25,,,,,,
12368,SPG,202507048,E114P006,GATEWAY RTU 2S-L1314-2CRL2-GTW1,2980.010-3,,2025-07-07 14:14:59,Verificar e corrigir falha de telemetria dos pontos de tensão e frequência das proteções PP e PA da LI YZU2 recebidos nos Sistemas SCC e SCADA.,MEL4,MEL4,OTAVIO ALEXANDRE NICOLAU,S1,,,Não,,202532.0,,,Dentro do Prazo,22d 9h : 33mi,06/08/2025 23:59:59,,,8d 8mi,,0.25,16.0,0.25,,,,,,
12369,SPG,202507176,E114P006,GATEWAY RTU 2S-L1314-2CRL2-GTW1,2980.010-3,,2025-07-07 15:04:28,"Verificar e corrigir pontos inválidos referentes a função 68 das linhas YZU1 e YZU2, enviados do Gateway com a qualidade ""Qb0:11"" para o Sistema SCC. Verificar como que o Gateway recebe do IED estes pontos.",MEL4,MEL4,OTAVIO ALEXANDRE NICOLAU,S1,,,Não,,202532.0,,,Dentro do Prazo,22d 9h : 33mi,06/08/2025 23:59:59,,,7d 23h : 13mi,,0.25,8.0,0.25,,,,,,
12370,SPG,,T075Q002,SERVIDOR BITRAS1 - EMS SCADA E APLICATIVOS,0921.051-7,,2025-07-08 16:40:03,"Incluir na SOSTAT os pontos referentes à sinalização de 51OL-P (STEP 2) ECCA para o T0X/R0X e T05/R05. Vide arquivo  anexo. Simular os pontos criados desde o Gateway (G045J007) até o SCADA, confirmando o acionamento dos alarmes e eventos correspondentes. 

Ref. 
DPS-107
SSA 202508992  Implementação dos pontos na RTU560 do TX-RX T5-R5
SSA 202510648  Implementação dos pontos no SCC.
",IEE3,MEL4,LUCAS COSTA CICARELLI,S3.6,,,Não,,202530.0,,,Dentro do Prazo,6d 9h : 34mi,21/07/2025 23:59:59,,,1d 5h : 11mi,,0.25,8.0,0.25,,,,,,
12371,SPG,,D044C005,ESTACAO DE ENGENHARIA EST,3287.001-2,,2025-07-08 17:00:03,"Realizar atualização de BIOS para a versão 2.8.49152.165  devido à vulnerabilidades relatadas no boletim de serviço SEL 2025.05.

Seguir procedimentos descritos no arquivo ""Procedimento Atualizacao BIOS e ME - SEL-3355-2-Boletim 25-05-S97A01.pdf""  (P:\Automatizacion\D44C - SEP 765kV - Painel Alternado\D44C05 - Estação de 
Engenharia EST\SEL Bulletin\2025.05). Obs: Procedimento já realizado para a Estação sobressalente (SSA 202503086).",IEE3,MEL4,LUCAS COSTA CICARELLI,S2,,,Não,,202529.0,,,Dentro do Prazo,2d 9h : 33mi,17/07/2025 23:59:59,,,6d 5h : 29mi,,0.25,16.0,0.25,,,,,,
12372,SPG,,T075Q002,SERVIDOR BITRAS1 - EMS SCADA E APLICATIVOS,0921.051-7,,2025-07-09 15:12:22,"Providenciar la modificación del campo CLASS de los puntos de estado asociados a las LI 66KV MD-ACY-HER, LT 66kV MD-IPU y LI 66KV MD-FI.",OSO0,MEL4,ZAPATA ENCISO VICENTE RAFAEL,S2.3,,,Não,,202530.0,,,Dentro do Prazo,6d 9h : 34mi,21/07/2025 23:59:59,,,1d 5h : 13mi,,0.25,2.0,0.25,,,,,,
12373,SPG,,T075Q002,SERVIDOR BITRAS1 - EMS SCADA E APLICATIVOS,0921.051-7,,2025-07-09 15:31:54,"Alterar classe e prioridade do ponto ""PAINEL UTR670-1 RTU560 COMUNICACAO COM ONS"" conforme anexo (classe 3, prioridade 8).
Justificativa:
O referido ponto está sendo implementado a fim de acompanhar o desempenho da comunicação entre o ONS e a RTU560.
Por hora, não há procedimento operativo associado à esta indicação, portanto não é necessário alarme.
Considerar também que por hora o CAG60 não está operando em REMOTO.",SOA0,MEL4,PAULO NEIS,S3.6,,,Não,,202530.0,,,Dentro do Prazo,6d 9h : 34mi,21/07/2025 23:59:59,,,1d 5h : 14mi,,0.25,2.0,0.25,,,,,,
12374,SPG,,T091E022,MICROCOMPUTADOR E PERIFERICOS,1313.004-1,,2025-07-09 16:18:58,"Em função das manobras de isolação do quadro QBP-CE01, solicitamos apoio para a desconexão do VIDEOWALL. 
O quadro QDF-VW-01 ficará desenergizado durante o período de execução dos trabalhos, previstos para o dia 15/07/2025 (AT 202506115)",OUO1,MEL4,RENATO HIDEO FUSANO,S3.6,,,Não,,202529.0,,,Dentro do Prazo,9h : 34mi,15/07/2025 23:59:59,,,5d 4h : 7mi,,0.25,16.0,0.25,,,,,,
12375,SPG,,M088C020,ESAI-QDF-CCP01-QUADRO DE ALIMENTAÇÃO ELÉTRICA CCP,3002.003-4,,2025-07-10 16:37:57,"Em função das manobras de isolação do quadro QBP-CE01, solicitamos apoio para desconexão controlada ou alimentação provisória dos equipamentos alimentados pelo quadro QDF-CCP01 (ESAI).
Isolação prevista para o dia 15/07/2025 (AT 202506115)",OUO1,MEL4,RENATO HIDEO FUSANO,S3.6,,,Não,,202529.0,,,Dentro do Prazo,9h : 34mi,15/07/2025 23:59:59,,,4d 21h : 44mi,,0.25,16.0,0.25,,,,,,
12376,SPG,,T075W033,CONSOLE BITCON29,0920.091-7,,2025-07-10 17:13:11,"Desinstalar, trasladar e instalar la consola del SCADA correspondiente a la SMME.DT en su nueva ubicación, en el 1er piso del Edificio de Mantenimiento, debido a la reforma del Edificio de Producción. El servicio está previsto inicialmente para el día 12/07/2025, en el marco de la migración de las consolas del SCADA NMR5 al nuevo Edificio de Mantenimiento.",IEE3,MEL4,SILVA VARGAS FRANCISCO JAVIER,S3.6,,,Não,,202531.0,,,Dentro do Prazo,13d 9h : 33mi,28/07/2025 23:59:59,,,3d 23h : 49mi,,0.25,8.0,0.25,,,,,,
12377,SPG,202509975,T075Q002,SERVIDOR BITRAS1 - EMS SCADA E APLICATIVOS,0921.051-7,,2025-07-14 08:04:55,"Realizar alteraciones en el banco de datos del SCADA NMR5 (SOSTAT), conforme a los detalles del documento adjunto, en relación con la implementación del sistema de supervisión de frenos de la UG-07 (PSDF-07), la cual se llevará a cabo durante el PD de la UG-07, previsto del 21/07/25 al 08/08/25.",IEE3,MEL4,SILVA VARGAS FRANCISCO JAVIER,S3.6,,,Não,,202530.0,,,Dentro do Prazo,6d 9h : 34mi,21/07/2025 23:59:59,,,1d 5h : 15mi,,0.17,0.33,0.17,,,,,,
12378,SPG,202510403,T075Q002,SERVIDOR BITRAS1 - EMS SCADA E APLICATIVOS,0921.051-7,,2025-07-14 09:30:29,"Conforme solicitação recebida, ""Alterar el campo LLIM5 para 18 puntos de la tabla SOANLG, relacionados a la supervisión del nivel del tanque de expansión del sistema de agua pura en unidades convencionales, según solicitado en la SSA 202509809 y conforme archivo anexo.""",IEE3,MEL4,MAURICIO MENON,S3.7,,,Não,,202530.0,,,Dentro do Prazo,6d 9h : 34mi,21/07/2025 23:59:59,,,1d 4h : 41mi,,0.17,0.33,0.17,,,,,,
12379,SPG,,T075Q002,SERVIDOR BITRAS1 - EMS SCADA E APLICATIVOS,0921.051-7,,2025-07-14 09:45:19,"Conforme solicitação originalmente enviada na SSA 202506355  ""... realizar la implementación de alarmas por limite inferior y superior en los valores analógicos del canal manual ""EXCITACAO POTENCIOMETRO MANUAL POSICAO"" y automático ""EXCITACAO POTENCIOMETRO AUTOMATICO POSICAO"" para los puntos del SCADA del sistema de excitación de las unidades generadoras. "" conforme anexo.

Obs: SSA será cadastrada como relacionada.",IEE3,MEL4,MAURICIO MENON,S3.7,,,Não,,202530.0,,,Dentro do Prazo,6d 9h : 34mi,21/07/2025 23:59:59,,,1d 41mi,,0.17,0.33,0.17,,,,,,
12380,SPG,202510781,D001J007,SWITCH1-A (SW1-A),2438.010-3,,2025-07-14 14:08:51,"Verificar  switch debido a que el medidor M73A se encuentra con problemas de comunicación con el SMF. Aparente problema con puerto.
",ILA3,MEL4,PRIETO VILLALBA PABLO AUGUSTO,S3.3,,,Não,,202531.0,,,Dentro do Prazo,13d 9h : 33mi,28/07/2025 23:59:59,,,21h : 35mi,,0.25,8.0,0.25,,,,,,
12381,SPG,202501307,E114P005,ESTAÇÃO DE SUPERVISÃO E CONTROLE IHM LOCAL 2S-L1314-2CRL2,3003.005-2,,2025-01-31 08:08:08,"Realizar modificación de descriptivo y par de mensajes de punto sobre falla de los IEDs IP5V13/IA5V13, conforme anexo.",IEE3,MEL4,VILLAR RIVAS ALBERTO,S3.6,,,Não,,202551.0,,,Dentro do Prazo,"5m, 4d 21h : 33mi",19/12/2025 23:59:59,,,"3m, 19d 15h : 37mi",,0.25,8.0,0.25,,,,,,
12382,SPG,,M045A013,TERMINAL PORTATIL - DECT E ACESSÓRIOS,1056.015-2,,2025-07-09 14:15:01,"Solicito sustitución de TMR actual modelo NEC G566 el cual esta presentando fallas de funcionamiento por obsolescencia.
Para JUAN ALBERTO LOBO SMME.DT/MEL4 MAT 120222-2 INTERNO 4871/2528",MEL4,MEL3,LOBO MARTINEZ JUAN ALBERTO,S3.12,,,Não,,202528.0,,,Dentro do Prazo,Fora de Prazo,11/07/2025 23:59:59,3d 14h : 25mi,11/07/2025 23:59:59,5d 3h : 4mi,,0.58,0.5,0.33,,,,,,
12383,SPG,202305844,M066Z040,RACK UTA-21,3204.021-3,,2024-04-15 16:52:07,"Verificar a falta de SFP industriais compatíveis com switch, conforme indicado no workstatement.
Detectado durante execução do comissionamento (SSA 202217201).",MEL4,IEE4,RODRIGO DE PONTES ADACHI,S2,,,Não,,202507.0,,,Fora de Prazo,Fora de Prazo,12/02/2025 23:59:59,"5m, 2h : 26mi",12/02/2025 23:59:59,"5m, 5d 9h : 11mi",,,2.0,,,,,,,
12384,SPG,,M066Q040,RACK UTA-20,3204.022-5,,2024-11-12 11:11:14,"Se solicita parecer técnico para verificación/corrección de aterramiento en los Acces Point LAP01, LAP02, LAP03 y LAP04. Fueron verificados durante la etapa de Comisionamiento WIRELESS UTA20 - SIRI que los mismos no se encuentran aterrados. Foto de referencia en Anexo.",MEL4,IEE4,ROJAS VIGO ALDO DARIO,S3.1,,,Não,,202508.0,,,Fora de Prazo,Fora de Prazo,18/02/2025 23:59:59,"4m, 24d 14h : 26mi",18/02/2025 23:59:59,"5m, 5d 9h : 16mi",,,6.0,,,,,,,
12385,SPG,202506502,M066W037,UPS E BANCO DE BATERIAS - UTA01,1354.016-0,,2025-05-09 07:41:05,"Verificar motivo por el cual la UPS no conmuta/asume la carga con su banco de baterías. Reparar y realizar ensayos de funcionamiento. SSA surgida a partir de la SSP 20251111.
",MEL4,ILA2,ROJAS VIGO ALDO DARIO,S2,,,Não,,202528.0,,,Dentro do Prazo,Fora de Prazo,08/07/2025 23:59:59,6d 14h : 25mi,08/07/2025 23:59:59,"2m, 2d 7h : 59mi",,0.58,3.0,0.17,,,,,,
12386,SPG,,T075Q002,SERVIDOR BITRAS1 - EMS SCADA E APLICATIVOS,0921.051-7,,2025-06-09 09:05:40,"Solicito parecer técnico para inclusión de puntos de supervisión referente al modulo D20C de las remotas UTR534, UTR540, UTR632, UTR640 mas detalles en anexo.
",MEL4,IEE3,SALINAS MARTINEZ PABLO CESAR,S1,,,Não,,202532.0,,,Dentro do Prazo,24d 9h : 33mi,08/08/2025 23:59:59,,,"1m, 2d 18h : 7mi",,,8.0,,,,,,,
12387,SPG,202507048,E114P006,GATEWAY RTU 2S-L1314-2CRL2-GTW1,2980.010-3,,2025-07-07 14:14:59,Verificar e corrigir falha de telemetria dos pontos de tensão e frequência das proteções PP e PA da LI YZU2 recebidos nos Sistemas SCC e SCADA.,MEL4,MEL4,OTAVIO ALEXANDRE NICOLAU,S1,,,Não,,202532.0,,,Dentro do Prazo,22d 9h : 33mi,06/08/2025 23:59:59,,,8d 7mi,,0.25,16.0,0.25,,,,,,
12388,SPG,202507176,E114P006,GATEWAY RTU 2S-L1314-2CRL2-GTW1,2980.010-3,,2025-07-07 15:04:28,"Verificar e corrigir pontos inválidos referentes a função 68 das linhas YZU1 e YZU2, enviados do Gateway com a qualidade ""Qb0:11"" para o Sistema SCC. Verificar como que o Gateway recebe do IED estes pontos.",MEL4,MEL4,OTAVIO ALEXANDRE NICOLAU,S1,,,Não,,202532.0,,,Dentro do Prazo,22d 9h : 33mi,06/08/2025 23:59:59,,,7d 23h : 13mi,,0.25,8.0,0.25,,,,,,
12389,SPG,202317589,A033E001,PAINEL SMT-WEB,3210.001-7,,2023-11-29 10:17:08,"Solicitamos análisis y parecer respecto al pedido de la SMIE.DT para realizar la conexion de un computador de la sala de monitoreo de la GIS al sistema SMT-WEB via la red SIRI.
Ref SSA 202317049 / 202317589",MEL4,IEE4,LOBO MARTINEZ JUAN ALBERTO,S3.1,,,Não,,202506.0,,,Fora de Prazo,Fora de Prazo,04/02/2025 23:59:59,"5m, 8d 2h : 26mi",04/02/2025 23:59:59,"5m, 12d 9h : 11mi",,,5.0,,,,,,,
12390,SPG,,M066Y039,SERVIDOR SIRI-UTA00-SRV01,1351.011-7,,2023-12-28 16:58:28,"Solicitamos verificar a possibilidade de instalar um UPS para o servidor SIRI-UTA00-SRV01 instalado na sala REDOM, no terceiro piso do edifício de produção. O mesmo tem sofrido de falta de energia elétrica e já apresentou falhas devido a esses eventos. SSA de referência 202320072",MEL4,IEE4,EDUARDO SACHWEK FONTANETTI,S2,,,Não,,202509.0,,,Fora de Prazo,Fora de Prazo,26/02/2025 23:59:59,"4m, 16d 14h : 26mi",26/02/2025 23:59:59,"5m, 5d 9h : 27mi",,,20.0,,,,,,,
12391,SPG,,M066O040,RACK UTA-19,3204.019-4,,2024-05-17 16:42:05,"Se solicita parecer técnico sobre el estado actual del rack de la UTA19 donde recientemente fue instalado el servidor WITNESS del SIRI y SOPHO (detalle en la SSA 202407015). Los postes que sujetan los equipos se encuentran fijados a una profundidad y anchura menor a las necesarias para que el servidor físico del WITNESS pueda ser rackeado de manera óptima (ya sea con sus propios rieles deslizantes o soportes fijos, ver imagenes adjuntas). 
",MEL4,IEE4,YU VILLALBA ALOYSIUS,S1,,,Não,,202508.0,,,Fora de Prazo,Fora de Prazo,17/02/2025 23:59:59,"4m, 25d 14h : 26mi",17/02/2025 23:59:59,"5m, 5d 9h : 34mi",,,4.0,,,,,,,
22602,SPG,202501307,E114P005,ESTAÇÃO DE SUPERVISÃO E CONTROLE IHM LOCAL 2S-L1314-2CRL2,3003.005-2,,2025-01-31 08:08:08,"Realizar modificación de descriptivo y par de mensajes de punto sobre falla de los IEDs IP5V13/IA5V13, conforme anexo.",IEE3,MEL4,VILLAR RIVAS ALBERTO,S3.6,,,Não,,202551.0,,,,,,,,,,,,,,,,,,
22635,SPG,,T075Q002,SERVIDOR BITRAS1 - EMS SCADA E APLICATIVOS,0921.051-7,,2025-07-14 09:45:19,"Conforme solicitação originalmente enviada na SSA 202506355  ""... realizar la implementación de alarmas por limite inferior y superior en los valores analógicos del canal manual ""EXCITACAO POTENCIOMETRO MANUAL POSICAO"" y automático ""EXCITACAO POTENCIOMETRO AUTOMATICO POSICAO"" para los puntos del SCADA del sistema de excitación de las unidades generadoras. "" conforme anexo.

Obs: SSA será cadastrada como relacionada.",IEE3,MEL4,MAURICIO MENON,S3.7,,,Não,,202530.0,,,,,,,,,,,,,,,,,,
22636,SPG,202510403,T075Q002,SERVIDOR BITRAS1 - EMS SCADA E APLICATIVOS,0921.051-7,,2025-07-14 09:30:29,"Conforme solicitação recebida, ""Alterar el campo LLIM5 para 18 puntos de la tabla SOANLG, relacionados a la supervisión del nivel del tanque de expansión del sistema de agua pura en unidades convencionales, según solicitado en la SSA 202509809 y conforme archivo anexo.""",IEE3,MEL4,MAURICIO MENON,S3.7,,,Não,,202530.0,,,,,,,,,,,,,,,,,,
22637,SPG,202510781,D001J007,SWITCH1-A (SW1-A),2438.010-3,,2025-07-14 14:08:51,"Verificar  switch debido a que el medidor M73A se encuentra con problemas de comunicación con el SMF. Aparente problema con puerto.
",ILA3,MEL4,PRIETO VILLALBA PABLO AUGUSTO,S3.3,,,Não,,202531.0,,,,,,,,,,,,,,,,,,
22638,SPG,202509975,T075Q002,SERVIDOR BITRAS1 - EMS SCADA E APLICATIVOS,0921.051-7,,2025-07-14 08:04:55,"Realizar alteraciones en el banco de datos del SCADA NMR5 (SOSTAT), conforme a los detalles del documento adjunto, en relación con la implementación del sistema de supervisión de frenos de la UG-07 (PSDF-07), la cual se llevará a cabo durante el PD de la UG-07, previsto del 21/07/25 al 08/08/25.",IEE3,MEL4,SILVA VARGAS FRANCISCO JAVIER,S3.6,,,Não,,202530.0,,,,,,,,,,,,,,,,,,
22640,SPG,,M088C020,ESAI-QDF-CCP01-QUADRO DE ALIMENTAÇÃO ELÉTRICA CCP,3002.003-4,,2025-07-10 16:37:57,"Em função das manobras de isolação do quadro QBP-CE01, solicitamos apoio para desconexão controlada ou alimentação provisória dos equipamentos alimentados pelo quadro QDF-CCP01 (ESAI).
Isolação prevista para o dia 15/07/2025 (AT 202506115)",OUO1,MEL4,RENATO HIDEO FUSANO,S3.6,,,Não,,202529.0,,,,,,,,,,,,,,,,,,
22642,SPG,,T075Q002,SERVIDOR BITRAS1 - EMS SCADA E APLICATIVOS,0921.051-7,,2025-07-09 15:12:22,"Providenciar la modificación del campo CLASS de los puntos de estado asociados a las LI 66KV MD-ACY-HER, LT 66kV MD-IPU y LI 66KV MD-FI.",OSO0,MEL4,ZAPATA ENCISO VICENTE RAFAEL,S2.3,,,Não,,202530.0,,,,,,,,,,,,,,,,,,
22643,SPG,,T075Q002,SERVIDOR BITRAS1 - EMS SCADA E APLICATIVOS,0921.051-7,,2025-07-09 15:31:54,"Alterar classe e prioridade do ponto ""PAINEL UTR670-1 RTU560 COMUNICACAO COM ONS"" conforme anexo (classe 3, prioridade 8).
Justificativa:
O referido ponto está sendo implementado a fim de acompanhar o desempenho da comunicação entre o ONS e a RTU560.
Por hora, não há procedimento operativo associado à esta indicação, portanto não é necessário alarme.
Considerar também que por hora o CAG60 não está operando em REMOTO.",SOA0,MEL4,PAULO NEIS,S3.6,,,Não,,202530.0,,,,,,,,,,,,,,,,,,
22646,SPG,,T091E022,MICROCOMPUTADOR E PERIFERICOS,1313.004-1,,2025-07-09 16:18:58,"Em função das manobras de isolação do quadro QBP-CE01, solicitamos apoio para a desconexão do VIDEOWALL. 
O quadro QDF-VW-01 ficará desenergizado durante o período de execução dos trabalhos, previstos para o dia 15/07/2025 (AT 202506115)",OUO1,MEL4,RENATO HIDEO FUSANO,S3.6,,,Não,,202529.0,,,,,,,,,,,,,,,,,,
22647,SPG,,D044C005,ESTACAO DE ENGENHARIA EST,3287.001-2,,2025-07-08 17:00:03,"Realizar atualização de BIOS para a versão 2.8.49152.165  devido à vulnerabilidades relatadas no boletim de serviço SEL 2025.05.

Seguir procedimentos descritos no arquivo ""Procedimento Atualizacao BIOS e ME - SEL-3355-2-Boletim 25-05-S97A01.pdf""  (P:\Automatizacion\D44C - SEP 765kV - Painel Alternado\D44C05 - Estação de 
Engenharia EST\SEL Bulletin\2025.05). Obs: Procedimento já realizado para a Estação sobressalente (SSA 202503086).",IEE3,MEL4,LUCAS COSTA CICARELLI,S2,,,Não,,202529.0,,,,,,,,,,,,,,,,,,
22648,SPG,,T075Q002,SERVIDOR BITRAS1 - EMS SCADA E APLICATIVOS,0921.051-7,,2025-07-08 16:40:03,"Incluir na SOSTAT os pontos referentes à sinalização de 51OL-P (STEP 2) ECCA para o T0X/R0X e T05/R05. Vide arquivo  anexo. Simular os pontos criados desde o Gateway (G045J007) até o SCADA, confirmando o acionamento dos alarmes e eventos correspondentes. 

Ref. 
DPS-107
SSA 202508992  Implementação dos pontos na RTU560 do TX-RX T5-R5
SSA 202510648  Implementação dos pontos no SCC.
",IEE3,MEL4,LUCAS COSTA CICARELLI,S3.6,,,Não,,202530.0,,,,,,,,,,,,,,,,,,
22649,SPG,,T075W033,CONSOLE BITCON29,0920.091-7,,2025-07-10 17:13:11,"Desinstalar, trasladar e instalar la consola del SCADA correspondiente a la SMME.DT en su nueva ubicación, en el 1er piso del Edificio de Mantenimiento, debido a la reforma del Edificio de Producción. El servicio está previsto inicialmente para el día 12/07/2025, en el marco de la migración de las consolas del SCADA NMR5 al nuevo Edificio de Mantenimiento.",IEE3,MEL4,SILVA VARGAS FRANCISCO JAVIER,S3.6,,,Não,,202531.0,,,,,,,,,,,,,,,,,,
22653,SPG,202507176,E114P006,GATEWAY RTU 2S-L1314-2CRL2-GTW1,2980.010-3,,2025-07-07 15:04:28,"Verificar e corrigir pontos inválidos referentes a função 68 das linhas YZU1 e YZU2, enviados do Gateway com a qualidade ""Qb0:11"" para o Sistema SCC. Verificar como que o Gateway recebe do IED estes pontos.",MEL4,MEL4,OTAVIO ALEXANDRE NICOLAU,S1,,,Não,,202532.0,,,,,,,,,,,,,,,,,,
22654,SPG,202507048,E114P006,GATEWAY RTU 2S-L1314-2CRL2-GTW1,2980.010-3,,2025-07-07 14:14:59,Verificar e corrigir falha de telemetria dos pontos de tensão e frequência das proteções PP e PA da LI YZU2 recebidos nos Sistemas SCC e SCADA.,MEL4,MEL4,OTAVIO ALEXANDRE NICOLAU,S1,,,Não,,202532.0,,,,,,,,,,,,,,,,,,
22655,SPG,202508539,T075Q002,SERVIDOR BITRAS1 - EMS SCADA E APLICATIVOS,0921.051-7,,2025-07-07 14:00:28,"Conforme SSA 202508539 ""Alterar SUBNAM e PNTNAM dos pontos calculados IBCALC5 UXX CGI NIVEL ACEITE ANORMAL e IBCALC6 UXX MGI NIVEL OLEO ANORMAL para UXX CGI ACEITE NIVEL ANORMAL-EVALUAR EMISION DE SSA e UXX MGI OLEO NIVEL ANORMAL-AVALIAR EMISSAO DE SSA conforme planilha em anexo."" 

Obs: Duvida sanada com a area emissora, trata-se de um padrão adotado na SOANLG que passará a valer para a SOSTAT. O texto já é adotado na tabela em questão.",IEE3,MEL4,MAURICIO MENON,S3.7,,,Não,,202530.0,,,,,,,,,,,,,,,,,,
22656,SPG,202509094,T075Q002,SERVIDOR BITRAS1 - EMS SCADA E APLICATIVOS,0921.051-7,,2025-07-07 11:16:44,"Ajustar parâmetros BIAS, SCALE e HLIM6 do ponto SEMD_500/YZU2 FRECUENCIA (RTU 119, PNT 53) de (BIAS:0, SCALE:50 e HLIM6:50) para (BIAS:0, SCALE:60 e HLIM6:55).",IEE3,MEL4,MAURICIO MENON,S3.7,,,Não,,202530.0,,,,,,,,,,,,,,,,,,
22657,SPG,,T075W021,CONSOLE BITCON17,0920.079-4,,2025-07-07 07:53:47,"Desinstalar, trasladar e instalar la consola en su nueva ubicación, en el segundo piso del Edificio de Mantenimiento, debido a la reforma del Edificio de Producción. Los detalles de la nueva ubicación de las consolas se encuentran en los documentos adjuntos y en sus respectivos escritorios del Edificio de Mantenimiento. Coordinar el servicio con OP.DT (Sandra de GSS).",IEE3,MEL4,SILVA VARGAS FRANCISCO JAVIER,S3.6,,,Não,,202528.0,,,,,,,,,,,,,,,,,,
22658,SPG,,T075W029,CONSOLE BITCON25,0920.087-4,,2025-07-07 07:53:52,"Desinstalar, trasladar e instalar la consola en su nueva ubicación, en el segundo piso del Edificio de Mantenimiento, debido a la reforma del Edificio de Producción. Los detalles de la nueva ubicación de las consolas se encuentran en los documentos adjuntos y en sus respectivos escritorios del Edificio de Mantenimiento. Coordinar el servicio con OP.DT (Sandra de GSS).",IEE3,MEL4,SILVA VARGAS FRANCISCO JAVIER,S3.6,,,Não,,202528.0,,,,,,,,,,,,,,,,,,
22659,SPG,,T075W028,CONSOLE BITCON24,0920.086-2,,2025-07-07 07:53:53,"Desinstalar, trasladar e instalar la consola en su nueva ubicación, en el segundo piso del Edificio de Mantenimiento, debido a la reforma del Edificio de Producción. Los detalles de la nueva ubicación de las consolas se encuentran en los documentos adjuntos y en sus respectivos escritorios del Edificio de Mantenimiento. Coordinar el servicio con OP.DT (Sandra de GSS).",IEE3,MEL4,SILVA VARGAS FRANCISCO JAVIER,S3.6,,,Não,,202528.0,,,,,,,,,,,,,,,,,,
22660,SPG,,T075W027,CONSOLE BITCON23,0920.085-0,,2025-07-07 07:53:56,"Desinstalar, trasladar e instalar la consola en su nueva ubicación, en el segundo piso del Edificio de Mantenimiento, debido a la reforma del Edificio de Producción. Los detalles de la nueva ubicación de las consolas se encuentran en los documentos adjuntos y en sus respectivos escritorios del Edificio de Mantenimiento. Coordinar el servicio con OP.DT (Sandra de GSS).",IEE3,MEL4,SILVA VARGAS FRANCISCO JAVIER,S3.6,,,Não,,202528.0,,,,,,,,,,,,,,,,,,
22661,SPG,,T075W025,CONSOLE BITCON21,0920.083-7,,2025-07-07 07:53:57,"Desinstalar, trasladar e instalar la consola en su nueva ubicación, en el segundo piso del Edificio de Mantenimiento, debido a la reforma del Edificio de Producción. Los detalles de la nueva ubicación de las consolas se encuentran en los documentos adjuntos y en sus respectivos escritorios del Edificio de Mantenimiento. Coordinar el servicio con OP.DT (Sandra de GSS).",IEE3,MEL4,SILVA VARGAS FRANCISCO JAVIER,S3.6,,,Não,,202528.0,,,,,,,,,,,,,,,,,,
22662,SPG,,T075W034,CONSOLE BITCON30,0920.092-9,,2025-07-07 07:53:49,"Desinstalar, trasladar e instalar la consola en su nueva ubicación, en el segundo piso del Edificio de Mantenimiento, debido a la reforma del Edificio de Producción. Los detalles de la nueva ubicación de las consolas se encuentran en los documentos adjuntos y en sus respectivos escritorios del Edificio de Mantenimiento. Coordinar el servicio con OP.DT (Sandra de GSS).",IEE3,MEL4,SILVA VARGAS FRANCISCO JAVIER,S3.6,,,Não,,202528.0,,,,,,,,,,,,,,,,,,
22663,SPG,,M092A030,SWA-DT-01-01 - SCADA - EM,1489.057-4,,2025-07-04 16:58:57,"Conectar cordones eléctricos Ethernet RJ45 en los puertos del switch correspondientes a las consolas BITCON 16, 17, 21, 23, 24, 25, 28, 29 y 30, provenientes de los puertos de red de los patch panels PP_09_02 y PP_10_02, vinculados a las tomas donde serán conectadas dichas consolas. El servicio se realizará el 12/07/2025, en el marco de la migración de las consolas del SCADA NMR5 al nuevo Edificio de Mantenimiento. El material está con la SMIN.DT.",IEE3,MEL4,SILVA VARGAS FRANCISCO JAVIER,S3.6,,,Não,,202528.0,,,,,,,,,,,,,,,,,,
22664,SPG,,M092A030,SWA-DT-01-01 - SCADA - EM,1489.057-4,,2025-07-04 16:59:01,"Montar e instalar switch BITOFSW1 en el Rack 01Activo del Edificio de Mantenimiento en la última posición inferior del rack. Luego, conectar cordón óptico dúplex SM en el puerto G1 del switch proveniente de los puertos 11/12 del BEO/DIO 01-01 del mismo rack. Servicio a realizarse el 12/07/25 en el ámbito de la migración de las consolas del SCADA NMR5 al nuevo Edificio de Mantenimiento. Material con la SMIN.DT.",IEE3,MEL4,SILVA VARGAS FRANCISCO JAVIER,S3.6,,,Não,,202528.0,,,,,,,,,,,,,,,,,,
22666,SPG,,T075U007,SWITCH BITOFSW1,3136.007-5,,2025-07-04 11:30:53,"Desinstalar, desmontar y realizar el mapeo-correlación de los puertos - hosts del switch, especialmente los correspondientes a las consolas BITCON 16, 17, 21, 23, 24, 25, 28, 29 y 30 y posteriormente trasladar al nuevo Edificio de Mantenimiento para su reinstalación. Servicio a realizarse el 12/07 en el ámbito de la migración de las consolas del SCADA NMR5 al nuevo Edif. de Mant.",IEE3,MEL4,SILVA VARGAS FRANCISCO JAVIER,S3.6,,,Não,,202528.0,,,,,,,,,,,,,,,,,,
22667,SPG,,T075U002,SWITCH BITCOSW1,3139.001-8,,2025-07-04 11:30:57,"Desconectar cordones ópticos conectados en el módulo/puerto S3.P4 proveniente del DIO LDR, OFFICE, CCR-01 (Puertos: CN 13, 14) del panel MODEMS 1 y limpiar/conectar cordones ópticos monomodo (sueltos de color amarillo en el panel) provenientes del BEO/DIO cassete 01 (Puertos: 11, 12) del rack de la SOPHO 50Hz (Sala TELECOM 50Hz), en el mismo módulo/puerto S3.P4 del switch BITCOSW1. Servicio a realizarse el 12/07 en el ámbito de la migración de las consolas del SCADA NMR5 al nuevo Edif. de Mant.",IEE3,MEL4,SILVA VARGAS FRANCISCO JAVIER,S3.6,,,Não,,202528.0,,,,,,,,,,,,,,,,,,
22686,SPG,,A004R001,UNIDADE TERMINAL REMOTA - UTR504,0919.006-6,,2025-07-01 11:41:34,"Adecuar la configuración de la UTR, de modo que los mapas de direccionamiento de los puntos también sean reportados vía el protocolo de comunicación IEC 60870-5-104 al nuevo sistema SCADA/EMS (e-Terra), a través de los puertos Ethernet eléctricos (RJ45) de la CPU D20MX. Considerar los documentos adjuntos para la configuración. Este servicio es en el marco del PAT, en el ámbito del SCADA/EMS.",IEE3,MEL4,MAURICIO MENON,S3.7,,,Não,,202530.0,,,,,,,,,,,,,,,,,,
22687,SPG,,A004R002,UNIDADE TERMINAL REMOTA - UTR504-1,0919.007-4,,2025-07-01 11:41:41,"Adecuar la configuración de la UTR, de modo que los mapas de direccionamiento de los puntos también sean reportados vía el protocolo de comunicación IEC 60870-5-104 al nuevo sistema SCADA/EMS (e-Terra), a través de los puertos Ethernet eléctricos (RJ45) de la CPU D20MX. Considerar los documentos adjuntos para la configuración. Este servicio es en el marco del PAT, en el ámbito del SCADA/EMS.",IEE3,MEL4,MAURICIO MENON,S3.7,,,Não,,202530.0,,,,,,,,,,,,,,,,,,
22688,SPG,,A007R001,UNIDADE TERMINAL REMOTA - UTR507,0919.012-0,,2025-07-01 11:41:47,"Adecuar la configuración de la UTR, de modo que los mapas de direccionamiento de los puntos también sean reportados vía el protocolo de comunicación IEC 60870-5-104 al nuevo sistema SCADA/EMS (e-Terra), a través de los puertos Ethernet eléctricos (RJ45) de la CPU D20MX. Considerar los documentos adjuntos para la configuración. Este servicio es en el marco del PAT, en el ámbito del SCADA/EMS.",IEE3,MEL4,MAURICIO MENON,S3.7,,,Não,,202530.0,,,,,,,,,,,,,,,,,,
22689,SPG,,A007R002,UNIDADE TERMINAL REMOTA - UTR507-1,0919.013-9,,2025-07-01 11:41:53,"Adecuar la configuración de la UTR, de modo que los mapas de direccionamiento de los puntos también sean reportados vía el protocolo de comunicación IEC 60870-5-104 al nuevo sistema SCADA/EMS (e-Terra), a través de los puertos Ethernet eléctricos (RJ45) de la CPU D20MX. Considerar los documentos adjuntos para la configuración. Este servicio es en el marco del PAT, en el ámbito del SCADA/EMS.",IEE3,MEL4,MAURICIO MENON,S3.7,,,Não,,202530.0,,,,,,,,,,,,,,,,,,
22690,SPG,,B010R001,UNIDADE TERMINAL REMOTA - UTR610,0919.018-0,,2025-07-01 11:41:59,"Adecuar la configuración de la UTR, de modo que los mapas de direccionamiento de los puntos también sean reportados vía el protocolo de comunicación IEC 60870-5-104 al nuevo sistema SCADA/EMS (e-Terra), a través de los puertos Ethernet eléctricos (RJ45) de la CPU D20MX. Considerar los documentos adjuntos para la configuración. Este servicio es en el marco del PAT, en el ámbito del SCADA/EMS.",IEE3,MEL4,MAURICIO MENON,S3.7,,,Não,,202530.0,,,,,,,,,,,,,,,,,,
22691,SPG,,B010R002,UNIDADE TERMINAL REMOTA - UTR610-1,0919.019-8,,2025-07-01 11:42:05,"Adecuar la configuración de la UTR, de modo que los mapas de direccionamiento de los puntos también sean reportados vía el protocolo de comunicación IEC 60870-5-104 al nuevo sistema SCADA/EMS (e-Terra), a través de los puertos Ethernet eléctricos (RJ45) de la CPU D20MX. Considerar los documentos adjuntos para la configuración. Este servicio es en el marco del PAT, en el ámbito del SCADA/EMS.",IEE3,MEL4,MAURICIO MENON,S3.7,,,Não,,202530.0,,,,,,,,,,,,,,,,,,
22693,SPG,,A008R001,UNIDADE TERMINAL REMOTA - UTR508,0919.014-7,,2025-07-01 11:42:11,"Adecuar la configuración de la UTR, de modo que los mapas de direccionamiento de los puntos también sean reportados vía el protocolo de comunicación IEC 60870-5-104 al nuevo sistema SCADA/EMS (e-Terra), a través de los puertos Ethernet eléctricos (RJ45) de la CPU D20MX. Considerar los documentos adjuntos para la configuración. Este servicio es en el marco del PAT, en el ámbito del SCADA/EMS.",IEE3,MEL4,MAURICIO MENON,S3.7,,,Não,,202530.0,,,,,,,,,,,,,,,,,,
22694,SPG,,A008R002,UNIDADE TERMINAL REMOTA - UTR508-1,0919.015-5,,2025-07-01 11:42:16,"Adecuar la configuración de la UTR, de modo que los mapas de direccionamiento de los puntos también sean reportados vía el protocolo de comunicación IEC 60870-5-104 al nuevo sistema SCADA/EMS (e-Terra), a través de los puertos Ethernet eléctricos (RJ45) de la CPU D20MX. Considerar los documentos adjuntos para la configuración. Este servicio es en el marco del PAT, en el ámbito del SCADA/EMS.",IEE3,MEL4,MAURICIO MENON,S3.7,,,Não,,202530.0,,,,,,,,,,,,,,,,,,
22695,SPG,,A009R001,UNIDADE TERMINAL REMOTA - UTR509,0919.016-3,,2025-07-01 11:42:22,"Adecuar la configuración de la UTR, de modo que los mapas de direccionamiento de los puntos también sean reportados vía el protocolo de comunicación IEC 60870-5-104 al nuevo sistema SCADA/EMS (e-Terra), a través de los puertos Ethernet eléctricos (RJ45) de la CPU D20MX. Considerar los documentos adjuntos para la configuración. Este servicio es en el marco del PAT, en el ámbito del SCADA/EMS.",IEE3,MEL4,MAURICIO MENON,S3.7,,,Não,,202530.0,,,,,,,,,,,,,,,,,,
22696,SPG,,A009R002,UNIDADE TERMINAL REMOTA - UTR509-1,0919.017-1,,2025-07-01 11:42:27,"Adecuar la configuración de la UTR, de modo que los mapas de direccionamiento de los puntos también sean reportados vía el protocolo de comunicación IEC 60870-5-104 al nuevo sistema SCADA/EMS (e-Terra), a través de los puertos Ethernet eléctricos (RJ45) de la CPU D20MX. Considerar los documentos adjuntos para la configuración. Este servicio es en el marco del PAT, en el ámbito del SCADA/EMS.",IEE3,MEL4,MAURICIO MENON,S3.7,,,Não,,202530.0,,,,,,,,,,,,,,,,,,
22697,SPG,,B011R001,UNIDADE TERMINAL REMOTA - UTR611,0919.020-1,,2025-07-01 11:42:33,"Adecuar la configuración de la UTR, de modo que los mapas de direccionamiento de los puntos también sean reportados vía el protocolo de comunicación IEC 60870-5-104 al nuevo sistema SCADA/EMS (e-Terra), a través de los puertos Ethernet eléctricos (RJ45) de la CPU D20MX. Considerar los documentos adjuntos para la configuración. Este servicio es en el marco del PAT, en el ámbito del SCADA/EMS.",IEE3,MEL4,MAURICIO MENON,S3.7,,,Não,,202530.0,,,,,,,,,,,,,,,,,,
22698,SPG,,B011R002,UNIDADE TERMINAL REMOTA - UTR611-1,0919.021-0,,2025-07-01 11:42:39,"Adecuar la configuración de la UTR, de modo que los mapas de direccionamiento de los puntos también sean reportados vía el protocolo de comunicación IEC 60870-5-104 al nuevo sistema SCADA/EMS (e-Terra), a través de los puertos Ethernet eléctricos (RJ45) de la CPU D20MX. Considerar los documentos adjuntos para la configuración. Este servicio es en el marco del PAT, en el ámbito del SCADA/EMS.",IEE3,MEL4,MAURICIO MENON,S3.7,,,Não,,202530.0,,,,,,,,,,,,,,,,,,
22699,SPG,,B012R001,UNIDADE TERMINAL REMOTA - UTR612,0919.022-8,,2025-07-01 11:42:44,"Adecuar la configuración de la UTR, de modo que los mapas de direccionamiento de los puntos también sean reportados vía el protocolo de comunicación IEC 60870-5-104 al nuevo sistema SCADA/EMS (e-Terra), a través de los puertos Ethernet eléctricos (RJ45) de la CPU D20MX. Considerar los documentos adjuntos para la configuración. Este servicio es en el marco del PAT, en el ámbito del SCADA/EMS.",IEE3,MEL4,MAURICIO MENON,S3.7,,,Não,,202530.0,,,,,,,,,,,,,,,,,,
22700,SPG,,B012R002,UNIDADE TERMINAL REMOTA - UTR612-1,0919.023-6,,2025-07-01 11:42:50,"Adecuar la configuración de la UTR, de modo que los mapas de direccionamiento de los puntos también sean reportados vía el protocolo de comunicación IEC 60870-5-104 al nuevo sistema SCADA/EMS (e-Terra), a través de los puertos Ethernet eléctricos (RJ45) de la CPU D20MX. Considerar los documentos adjuntos para la configuración. Este servicio es en el marco del PAT, en el ámbito del SCADA/EMS.",IEE3,MEL4,MAURICIO MENON,S3.7,,,Não,,202530.0,,,,,,,,,,,,,,,,,,
22701,SPG,,B013R001,UNIDADE TERMINAL REMOTA - UTR613,0919.024-4,,2025-07-01 11:42:57,"Adecuar la configuración de la UTR, de modo que los mapas de direccionamiento de los puntos también sean reportados vía el protocolo de comunicación IEC 60870-5-104 al nuevo sistema SCADA/EMS (e-Terra), a través de los puertos Ethernet eléctricos (RJ45) de la CPU D20MX. Considerar los documentos adjuntos para la configuración. Este servicio es en el marco del PAT, en el ámbito del SCADA/EMS.",IEE3,MEL4,MAURICIO MENON,S3.7,,,Não,,202530.0,,,,,,,,,,,,,,,,,,
22702,SPG,,B013R002,UNIDADE TERMINAL REMOTA - UTR613-1,0919.025-2,,2025-07-01 11:43:03,"Adecuar la configuración de la UTR, de modo que los mapas de direccionamiento de los puntos también sean reportados vía el protocolo de comunicación IEC 60870-5-104 al nuevo sistema SCADA/EMS (e-Terra), a través de los puertos Ethernet eléctricos (RJ45) de la CPU D20MX. Considerar los documentos adjuntos para la configuración. Este servicio es en el marco del PAT, en el ámbito del SCADA/EMS.",IEE3,MEL4,MAURICIO MENON,S3.7,,,Não,,202530.0,,,,,,,,,,,,,,,,,,
22713,SPG,202509854,T075Q002,SERVIDOR BITRAS1 - EMS SCADA E APLICATIVOS,0921.051-7,,2025-06-30 16:30:33,"Providenciar a eliminação de pontos na SORCAL e SORPAR, conforme anexo, para transferência de cálculos do RTC para o ibcalc. ",SOA0,MEL4,TERESINHA ARNAUTS HACHISUCA,S3.6,,,Não,,202530.0,,,,,,,,,,,,,,,,,,
22715,SPG,,T075Q002,SERVIDOR BITRAS1 - EMS SCADA E APLICATIVOS,0921.051-7,,2025-06-30 14:22:32,"Providenciar alteração de descritivos, SUBNAM, CAT, CLASS, TXTINX, ACRONM, NORMST, HISFLG, SOETYP, SOEHIS na SOSTAT para uso posterior com ibcalc, conforme anexo.",OUO0,MEL4,DOUGLAS TEIXEIRA BARRETO,S3.6,,,Não,,202530.0,,,,,,,,,,,,,,,,,,
22716,SPG,202414541,B012J026,PAINEL DE MONITORAMENTO SMT-12,1083.014-4,,2025-07-01 10:32:35,"Solicitamos apoio para habilitar switch do SMT-12, de modo a permitir a conexão do sensor TRANSFIX na rede SIRI.",MET1,MEL4,EDUARDA ABATTI DAHLEM,S3.10,,,Não,,202529.0,,,,,,,,,,,,,,,,,,
22718,SPG,202509614,T075Q002,SERVIDOR BITRAS1 - EMS SCADA E APLICATIVOS,0921.051-7,,2025-06-30 07:48:14,"Providenciar alteração de descritivo e nível de alarme no SCADA de ponto para atendimento da SSA 202509599, conforme anexo.",OUO0,MEL4,DOUGLAS TEIXEIRA BARRETO,S3.6,,,Não,,202530.0,,,,,,,,,,,,,,,,,,
22845,SPG,202414025,T081A002,UNIDADE ALIMENT. ININTERRUPTA 60 Hz (UPS-CE02) E ACESS,3015.002-5,,2024-10-04 14:54:31,Ensayar módulo de potencia SYPM10K16H NS. PD1616141163. El mismo ya ha pasado por mantenimiento.,ILA2,MEL3,NUNEZ GADEA JUAN JOSE,S3.10,,,Não,,202551.0,,,,,,,,,,,,,,,,,,
22944,SPG,202507452,M084B008,LIMNÍMETRO,0395.037-3,,2025-07-11 16:28:39,Substituir sensor limnímetro que apresenta falhas de leitura. Derivada da SSA: 202507452,MEL3,MEL3,FABRICIO MARCATO,S2,,,Não,,202529.0,,,,,,,,,,,,,,,,,,
22945,SPG,202507455,M086B008,LIMNÍMETRO,0395.012-7,,2025-07-11 16:28:56,Substituir sensor de nível que está apresentando falhas de leituras. Derivada da SSA: 202507455,MEL3,MEL3,FABRICIO MARCATO,S2,,,Não,,202529.0,,,,,,,,,,,,,,,,,,
22949,SPG,,B020L012,FONTE ALIMENT. ININTERRUPTA (UPS-18A) E ACESSÓRIOS,1118.003-6,,2025-07-01 17:35:24,"Verificar y solucionar iluminación interna inoperante, referente al panel ¨UPS - 18A¨.",OUO6,MEL3,DEIBELE COLMAN JOSE EMILIO,S1.1,,,Não,,202530.0,,,,,,,,,,,,,,,,,20 - ILUMINAÇAO DEFICIENTE/DANIFICADA,
22955,SPG,,M045A010,ESTACAO RADIO BASE (ERB) - B712L E ACESSÓRIOS,1055.003-0,,2025-06-24 05:38:50,"Verificar y solucionar motivo por el cual el soporte del equipo de la red de comunicación TMR esta desacoplado y suspendido del techo solo por el conductor de conexión.
Ubicación del equipo: Casa de fuerza, elevación 98 enfrente a los paneles EC-07 y EC-08.
Obs: Anormalidad recurrente en la SSA 202420269.",OUO5,MEL3,OJEDA ORTIZ CARLOS SEBASTIAN,S1.1,,,Não,,202529.0,,,,,,,,,,,,,,,,,15 - EQUIPAMENTO / ACESSORIO TRINCADO OU QUEBRADO OU DESACOPLADO,
22956,SPG,,M045A002,ESTACAO RADIO BASE (ERB) - B412L E ACESSÓRIOS,1055.001-0,,2025-06-18 15:40:24,"Realocar antena do TMR instalado na SDC,  devido as obras de reforma previstas para iniciar no dia 23/06/2025.",OSO0,MEL3,LUIS FELIPE WEISHEIMER,S3.1,,,Não,,202526.0,,,,,,,,,,,,,,,,,,
22957,SPG,,M028A003,APARELHOS TELEFONICOS,0413.006-5,,2025-06-23 14:55:01,"Verificar y solucionar motivo por el cual el teléfono fijo (sin ramal identificado) ubicado en la presa principal, cota 225, frente al servomotor de la UG09; se encuentra inoperante.",OUO1,MEL3,BRITOS DIAZ CARLOS MOISES,S1.1,,,Não,,202532.0,,,,,,,,,,,,,,,,,11 - COMUNICAÇAO - TELEFONE/CONSOLE/HOTLINE/RADIO COM FALHA,
22958,SPG,,M029A003,APARELHOS TELEFONICOS,0413.008-1,,2025-06-17 17:30:35,"Verificar e corrigir sinal sonoro inoperante do ramal 3124 localizado no eixo CD, El. 92,00 da Unidade 14 (poço da turbina)",OUO6,MEL3,RENATO DO CARMO ALVES,S2.1,,,Não,,202533.0,,,,,,,,,,,,,,,,,11 - COMUNICAÇAO - TELEFONE/CONSOLE/HOTLINE/RADIO COM FALHA,
22963,SPG,,M038A004,CABOS TELEFONICOS,0413.025-1,,2025-06-03 07:51:05,"Debido a la reforma del Edificio de Producción, realizar descomisionamiento de los cables telefónicos de todos los pisos. Aislar los cables en el DG-2.
Referencia de diseños:
- 6704-DC-0700-P
- 6254-DC-7001-P ",IEE3,MEL3,ACOSTA FERNANDEZ RAMON ARIEL,S3.5,,,Não,,202525.0,,,,,,,,,,,,,,,,,,
22973,SPG,,M045A013,TERMINAL PORTATIL - DECT E ACESSÓRIOS,1056.015-2,,2025-05-28 16:48:04,"FORNECER APARELHO TMR PARA O COLEGA WALDECK LUIZ MACEDO DE SOUZA, RECENTEMENTE INCORPORADO À EQUIPE DA SMMT.DT.",MET2,MEL3,VALDICLEI GAVA,S3.12,,,Não,,202524.0,,,,,,,,,,,,,,,,,,
23018,SPG,,M043B004,CONSOLAS TELEFONICAS - SDC - COTEL,2453.002-9,,2025-07-15 07:45:57,"El hotline ANDE HL 3 (vía FOX 615) presenta inconvenientes. No es posible realizar llamadas desde Itaipu, y las llamadas realizadas desde ANDE caen en el canal ""ANDE HL"".",OSO0,MEL3,ROY ACOSTA VICTOR JOEL,S2.5,,,Não,,202529.0,,,,,,,,,,,,,,,,,,
23026,SPG,,M067C003,MICROFONE SEM FIO DE MAO,2391.002-8,,2025-07-11 11:23:53,"Debido a la reforma del Edificio de Producción, realizar descomisionamiento del sistema de audio y accesorios del Salón Auditorio de la cota 145. Los materiales que poseen BPM pertenecían a OPUE.DT y fueron transferidos a SO.DT. Entregar los equipos a SOCM.DT. Ver en adjunto, solicitud de retirada de equipos y solicitud TBPM-650-2025.",IEE3,MEL3,ACOSTA FERNANDEZ RAMON ARIEL,S3.5,,,Não,,202529.0,,,,,,,,,,,,,,,,,,
23027,SPG,,M067C002,MESA DE AUDIO E ACESSÓRIOS,3232.001-4,,2025-07-11 11:24:39,"Debido a la reforma del Edificio de Producción, realizar descomisionamiento del sistema de audio y accesorios del Salón Auditorio de la cota 145. Los materiales que poseen BPM pertenecían a OPUE.DT y fueron transferidos a SO.DT. Entregar los equipos a SOCM.DT. Ver en adjunto, solicitud de retirada de equipos y solicitud TBPM-650-2025.",IEE3,MEL3,ACOSTA FERNANDEZ RAMON ARIEL,S3.5,,,Não,,202529.0,,,,,,,,,,,,,,,,,,
23028,SPG,,M067C001,CAIXA DE SOM E ACESSÓRIOS,3231.001-0,,2025-07-11 11:24:34,"Debido a la reforma del Edificio de Producción, realizar descomisionamiento del sistema de audio y accesorios del Salón Auditorio de la cota 145. Los materiales que poseen BPM pertenecían a OPUE.DT y fueron transferidos a SO.DT. Entregar los equipos a SOCM.DT. Ver en adjunto, solicitud de retirada de equipos y solicitud TBPM-650-2025.",IEE3,MEL3,ACOSTA FERNANDEZ RAMON ARIEL,S3.5,,,Não,,202529.0,,,,,,,,,,,,,,,,,,
23029,SPG,,M045A013,TERMINAL PORTATIL - DECT E ACESSÓRIOS,1056.015-2,,2025-07-09 14:15:01,"Solicito sustitución de TMR actual modelo NEC G566 el cual esta presentando fallas de funcionamiento por obsolescencia.
Para JUAN ALBERTO LOBO SMME.DT/MEL4 MAT 120222-2 INTERNO 4871/2528",MEL4,MEL3,LOBO MARTINEZ JUAN ALBERTO,S3.12,,,Não,,202528.0,,,,,,,,,,,,,,,,,,
23291,SPG,202509809,T075Q002,SERVIDOR BITRAS1 - EMS SCADA E APLICATIVOS,0921.051-7,,2025-07-14 07:07:50,"Alterar el campo LLIM5 para 18 puntos de la tabla SOANLG, relacionados a la supervisión del nivel del tanque de expansión del sistema de agua pura en unidades convencionales, según solicitado en la SSA 202509809 y conforme archivo anexo.",OUO0,IEE3,GAMARRA WALTER GUILLERMO DANIEL,S2.6,,,Não,,202529.0,,,,,,,,,,,,,,,,,,
23304,SPG,202507958,T075Q002,SERVIDOR BITRAS1 - EMS SCADA E APLICATIVOS,0921.051-7,,2025-06-09 14:00:02,"Desativar o ponto de supervisão ITEMNB 021685 devido ao comissionamento do painel de supervisão de vibrações e pressões SVP-02 conforme planilha anexa.

Coordenar os trabalhos com o MEL1.",IEE1,IEE3,GABRIEL TRIERWEILER RIBEIRO,S3.7,,,Não,,202532.0,,,,,,,,,,,,,,,,,,
23315,SPG,,T075Q002,SERVIDOR BITRAS1 - EMS SCADA E APLICATIVOS,0921.051-7,,2025-06-09 09:05:40,"Solicito parecer técnico para inclusión de puntos de supervisión referente al modulo D20C de las remotas UTR534, UTR540, UTR632, UTR640 mas detalles en anexo.
",MEL4,IEE3,SALINAS MARTINEZ PABLO CESAR,S1,,,Não,,202532.0,,,,,,,,,,,,,,,,,,
23317,SPG,,A002R001,UNIDADE TERMINAL REMOTA - UTR502,0919.003-1,,2025-05-27 10:28:39,"Solicitamos apoio para ensaios ponto-a-ponto, resistência de isolação e conexão à UTR dos novos cabos do painel SVP-02 durante comissionamento do painel (SSA 202507677). Atualizar a base de dados do sistema SCADA com novos pontos de alarme do sistema.",IEQ1,IEE3,HUGO QUEIROZ DE SANTANA,S3.6,,,Não,,202524.0,,,,,,,,,,,,,,,,,,
23328,SPG,,A005R001,UNIDADE TERMINAL REMOTA - UTR505,0919.008-2,,2025-05-09 08:01:16,"Solicitamos apoio para ensaios ponto-a-ponto, resistência de isolação e conexão à UTR dos novos cabos do painel SVP-05 durante comissionamento do painel (SSA 202507123). Atualizar a base de dados do sistema SCADA com novos pontos de alarme do sistema.",IEQ1,IEE3,ZARATE DUARTE HUGO MAURICIO,S3.6,,,Não,,202528.0,,,,,,,,,,,,,,,,,,
23330,SPG,,A005R002,UNIDADE TERMINAL REMOTA - UTR505-1,0919.009-0,,2025-04-30 10:08:31,Solicitamos apoyo para ensayo de cable EU05-1010 de interconexión con el tablero PSDF-05. Además implementar y actualizar base de datos del sistema SCADA y PI (similar al DPS-97 del PSDF-06) . El tablero PSDF-05 será instalado durante PD con la SSA 202506770. Ref. AR/SMI.DT/0014/2025.,IEQ1,IEE3,ALARCON CABALLERO RODRIGO GUILLERMO CANDIDO,S3.7,,,Não,,202526.0,,,,,,,,,,,,,,,,,,
24153,SPG,,M044B003,SISMOMETRO E ACESSÓRIOS,0915.009-2,,2024-09-18 07:30:50,"Realizar reparos civis e pintura na caseta do abrigo da estação de sismologia de São Clemente.  Local apresenta ferragens expostas, pintura desgastada e cobertura danificada. Conforme imagens em anexo. ",MEL3,MCI1,FABRICIO MARCATO,S2,,,Não,,202614.0,,,,,,,,,,,,,,,,,,
24253,SPG,,S014A003,FONTES ALIMENTACAO,0733.003-0,,2025-07-14 16:46:51,Verificar/Reparar fuente de alimentación para etiquetadora Brother. El mismo se encuentra con el cable dañado.,MEL3,ILA2,RAMIREZ GONZALEZ LUIS MARCELO,S2,,,Não,,202535.0,,,,,,,,,,,,,,,,,,
24255,SPG,202507452,M084B008,LIMNÍMETRO,0395.037-3,,2025-07-11 16:28:39,Substituir sensor limnímetro que apresenta falhas de leitura. Derivada da SSA: 202507452,MEL3,MEL3,FABRICIO MARCATO,S2,,,Não,,202529.0,,,,,,,,,,,,,,,,,,
24256,SPG,202507455,M086B008,LIMNÍMETRO,0395.012-7,,2025-07-11 16:28:56,Substituir sensor de nível que está apresentando falhas de leituras. Derivada da SSA: 202507455,MEL3,MEL3,FABRICIO MARCATO,S2,,,Não,,202529.0,,,,,,,,,,,,,,,,,,
24258,SPG,,S010A002,GERADORES DE FUNCAO/NIVEL E ACESSÓRIOS,0725.002-9,,2025-07-01 11:18:39,Reparar y/o comprar accesorio roto (conector SC/PC) del Generador de potencia óptica Yokogawa AQ4280 IB-3745. Obs. Se cuenta con un solo accesorio de reserva.,MEL3,ILA2,RAMIREZ GONZALEZ LUIS MARCELO,S2,,,Não,,202535.0,,,,,,,,,,,,,,,,,,
24259,SPG,,S014A001,CARREGADORES DE BATERIA,0733.001-4,,2025-06-24 16:52:35,Verificar ruido anormal en cargador de baterías luego de conectar una carga a la misma.,MEL3,ILA2,RAMIREZ GONZALEZ LUIS MARCELO,S2,,,Não,,202534.0,,,,,,,,,,,,,,,,,,
24295,SPG,,M040A001,PABX SOPHO IS 3090 PHILIPS CM - 60 HZ,0879.004-3,,2025-04-01 16:15:52,"Verificar/reparar placa PSU-MLD, ns. JQTJ100053. Led PSU_OK não acende, indicando mau funcionamento. Recomenda-se a troca dos capacitores axiais (brancos, em destaque nas fotos em anexo) por novos de mesma capacitância e tensão.",MEL3,ILA2,WILLIAN DRAYTON PRESTES ALVES,S2,,,Não,,202527.0,,,,,,,,,,,,,,,,,,
24322,SPG,,M030A002,QUADRO SECUNDARIO (QS),0623.002-4,,2024-11-19 15:46:26,"Solicito realización de trabajos de pintura en dos armarios de telefonía (QS) ubicados en la presa principal, conforme anexo.
Cuadro QS-2H: Cota 214 trecho H5 del canal de desvío.
Cuadro QS-23: Cota 99 trecho F28 (acceso por elevador E4 a la cota 99 o acceso vía elevador E3 hasta la cota 111 y bajar por las escaleras el cuadro se encuentra atrás de las escaleras).
Obs: Realizar el trabajo de pintura en la parte externa, la parte interna de las puertas y en la base interna del armario.",MEL3,MCI4,ROMERO MEZA PABLO YVAN,S1,,,Não,,202527.0,,,,,,,,,,,,,,,,,,
24501,SPG,,J039D001,FONTE DE ALIMENT. ININTERRUPTA (UPS-CF50) E ACESSÓRIOS,3258.004-5,,2023-11-01 07:22:39,"Solicita-se atualização da lista de cabos 6209-LC-15244-E referente à ligação entre a UPS-CF50 e o banco de baterias, conforme anexo.",MEL3,IEQ2,SIGMAR MIRANDA DOS SANTOS,S3.2,,,Não,,202547.0,,,,,,,,,,,,,,,,,,
25372,SPG,,M086F008,LIMNÍMETRO,0395.016-4,,2024-03-04 08:41:56,Determinar nível da água da estação. Valor preferencialmente deve ser coletado em hora cheia e com o sensor medindo coluna d'água.  Verificar a possibilidade de correlacionar este valor com outra estação. ,MEL3,OSH1,FABRICIO MARCATO,S2,,,Não,,202527.0,,,,,,,,,,,,,,,,,,
25373,SPG,,M086E008,LIMNÍMETRO,0395.015-2,,2024-03-04 08:42:05,Determinar nível da água da estação. Valor preferencialmente deve ser coletado em hora cheia e com o sensor medindo coluna d'água.  Verificar a possibilidade de correlacionar este valor com outra estação. ,MEL3,OSH1,FABRICIO MARCATO,S2,,,Não,,202527.0,,,,,,,,,,,,,,,,,,
25374,SPG,,M085G008,LIMNÍMETRO,0395.027-0,,2024-03-04 08:42:11,Determinar nível da água da estação. Valor preferencialmente deve ser coletado em hora cheia e com o sensor medindo coluna d'água.  Verificar a possibilidade de correlacionar este valor com outra estação. ,MEL3,OSH1,FABRICIO MARCATO,S2,,,Não,,202527.0,,,,,,,,,,,,,,,,,,
25697,SPG,202414025,T081A002,UNIDADE ALIMENT. ININTERRUPTA 60 Hz (UPS-CE02) E ACESS,3015.002-5,,2024-10-04 14:54:31,Ensayar módulo de potencia SYPM10K16H NS. PD1616141163. El mismo ya ha pasado por mantenimiento.,ILA2,MEL3,NUNEZ GADEA JUAN JOSE,S3.10,,,Não,,202551.0,,,,,,,,,,,,,,,,,,
25880,SPG,202507452,M084B008,LIMNÍMETRO,0395.037-3,,2025-07-11 16:28:39,Substituir sensor limnímetro que apresenta falhas de leitura. Derivada da SSA: 202507452,MEL3,MEL3,FABRICIO MARCATO,S2,,,Não,,202529.0,,,,,,,,,,,,,,,,,,
25881,SPG,202507455,M086B008,LIMNÍMETRO,0395.012-7,,2025-07-11 16:28:56,Substituir sensor de nível que está apresentando falhas de leituras. Derivada da SSA: 202507455,MEL3,MEL3,FABRICIO MARCATO,S2,,,Não,,202529.0,,,,,,,,,,,,,,,,,,
25886,SPG,,B020L012,FONTE ALIMENT. ININTERRUPTA (UPS-18A) E ACESSÓRIOS,1118.003-6,,2025-07-01 17:35:24,"Verificar y solucionar iluminación interna inoperante, referente al panel ¨UPS - 18A¨.",OUO6,MEL3,DEIBELE COLMAN JOSE EMILIO,S1.1,,,Não,,202530.0,,,,,,,,,,,,,,,,,20 - ILUMINAÇAO DEFICIENTE/DANIFICADA,
25893,SPG,,M045A010,ESTACAO RADIO BASE (ERB) - B712L E ACESSÓRIOS,1055.003-0,,2025-06-24 05:38:50,"Verificar y solucionar motivo por el cual el soporte del equipo de la red de comunicación TMR esta desacoplado y suspendido del techo solo por el conductor de conexión.
Ubicación del equipo: Casa de fuerza, elevación 98 enfrente a los paneles EC-07 y EC-08.
Obs: Anormalidad recurrente en la SSA 202420269.",OUO5,MEL3,OJEDA ORTIZ CARLOS SEBASTIAN,S1.1,,,Não,,202529.0,,,,,,,,,,,,,,,,,15 - EQUIPAMENTO / ACESSORIO TRINCADO OU QUEBRADO OU DESACOPLADO,
25894,SPG,,M045A002,ESTACAO RADIO BASE (ERB) - B412L E ACESSÓRIOS,1055.001-0,,2025-06-18 15:40:24,"Realocar antena do TMR instalado na SDC,  devido as obras de reforma previstas para iniciar no dia 23/06/2025.",OSO0,MEL3,LUIS FELIPE WEISHEIMER,S3.1,,,Não,,202526.0,,,,,,,,,,,,,,,,,,
25895,SPG,,M028A003,APARELHOS TELEFONICOS,0413.006-5,,2025-06-23 14:55:01,"Verificar y solucionar motivo por el cual el teléfono fijo (sin ramal identificado) ubicado en la presa principal, cota 225, frente al servomotor de la UG09; se encuentra inoperante.",OUO1,MEL3,BRITOS DIAZ CARLOS MOISES,S1.1,,,Não,,202532.0,,,,,,,,,,,,,,,,,11 - COMUNICAÇAO - TELEFONE/CONSOLE/HOTLINE/RADIO COM FALHA,
25896,SPG,,M029A003,APARELHOS TELEFONICOS,0413.008-1,,2025-06-17 17:30:35,"Verificar e corrigir sinal sonoro inoperante do ramal 3124 localizado no eixo CD, El. 92,00 da Unidade 14 (poço da turbina)",OUO6,MEL3,RENATO DO CARMO ALVES,S2.1,,,Não,,202533.0,,,,,,,,,,,,,,,,,11 - COMUNICAÇAO - TELEFONE/CONSOLE/HOTLINE/RADIO COM FALHA,
25907,SPG,,M038A004,CABOS TELEFONICOS,0413.025-1,,2025-06-03 07:51:05,"Debido a la reforma del Edificio de Producción, realizar descomisionamiento de los cables telefónicos de todos los pisos. Aislar los cables en el DG-2.
Referencia de diseños:
- 6704-DC-0700-P
- 6254-DC-7001-P ",IEE3,MEL3,ACOSTA FERNANDEZ RAMON ARIEL,S3.5,,,Não,,202525.0,,,,,,,,,,,,,,,,,,
25919,SPG,,M045A013,TERMINAL PORTATIL - DECT E ACESSÓRIOS,1056.015-2,,2025-05-28 16:48:04,"FORNECER APARELHO TMR PARA O COLEGA WALDECK LUIZ MACEDO DE SOUZA, RECENTEMENTE INCORPORADO À EQUIPE DA SMMT.DT.",MET2,MEL3,VALDICLEI GAVA,S3.12,,,Não,,202524.0,,,,,,,,,,,,,,,,,,
26821,SPG,,M043B004,CONSOLAS TELEFONICAS - SDC - COTEL,2453.002-9,,2025-07-15 07:45:57,"El hotline ANDE HL 3 (vía FOX 615) presenta inconvenientes. No es posible realizar llamadas desde Itaipu, y las llamadas realizadas desde ANDE caen en el canal ""ANDE HL"".",OSO0,MEL3,ROY ACOSTA VICTOR JOEL,S2.5,,,Não,,202529.0,,,,,,,,,,,,,,,,,,
26829,SPG,,M067C003,MICROFONE SEM FIO DE MAO,2391.002-8,,2025-07-11 11:23:53,"Debido a la reforma del Edificio de Producción, realizar descomisionamiento del sistema de audio y accesorios del Salón Auditorio de la cota 145. Los materiales que poseen BPM pertenecían a OPUE.DT y fueron transferidos a SO.DT. Entregar los equipos a SOCM.DT. Ver en adjunto, solicitud de retirada de equipos y solicitud TBPM-650-2025.",IEE3,MEL3,ACOSTA FERNANDEZ RAMON ARIEL,S3.5,,,Não,,202529.0,,,,,,,,,,,,,,,,,,
26830,SPG,,M067C002,MESA DE AUDIO E ACESSÓRIOS,3232.001-4,,2025-07-11 11:24:39,"Debido a la reforma del Edificio de Producción, realizar descomisionamiento del sistema de audio y accesorios del Salón Auditorio de la cota 145. Los materiales que poseen BPM pertenecían a OPUE.DT y fueron transferidos a SO.DT. Entregar los equipos a SOCM.DT. Ver en adjunto, solicitud de retirada de equipos y solicitud TBPM-650-2025.",IEE3,MEL3,ACOSTA FERNANDEZ RAMON ARIEL,S3.5,,,Não,,202529.0,,,,,,,,,,,,,,,,,,
26831,SPG,,M067C001,CAIXA DE SOM E ACESSÓRIOS,3231.001-0,,2025-07-11 11:24:34,"Debido a la reforma del Edificio de Producción, realizar descomisionamiento del sistema de audio y accesorios del Salón Auditorio de la cota 145. Los materiales que poseen BPM pertenecían a OPUE.DT y fueron transferidos a SO.DT. Entregar los equipos a SOCM.DT. Ver en adjunto, solicitud de retirada de equipos y solicitud TBPM-650-2025.",IEE3,MEL3,ACOSTA FERNANDEZ RAMON ARIEL,S3.5,,,Não,,202529.0,,,,,,,,,,,,,,,,,,
26834,SPG,,M045A013,TERMINAL PORTATIL - DECT E ACESSÓRIOS,1056.015-2,,2025-07-09 14:15:01,"Solicito sustitución de TMR actual modelo NEC G566 el cual esta presentando fallas de funcionamiento por obsolescencia.
Para JUAN ALBERTO LOBO SMME.DT/MEL4 MAT 120222-2 INTERNO 4871/2528",MEL4,MEL3,LOBO MARTINEZ JUAN ALBERTO,S3.12,,,Não,,202528.0,,,,,,,,,,,,,,,,,,
28755,SPG,,M066O040,RACK UTA-19,3204.019-4,,2024-05-17 16:42:05,"Se solicita parecer técnico sobre el estado actual del rack de la UTA19 donde recientemente fue instalado el servidor WITNESS del SIRI y SOPHO (detalle en la SSA 202407015). Los postes que sujetan los equipos se encuentran fijados a una profundidad y anchura menor a las necesarias para que el servidor físico del WITNESS pueda ser rackeado de manera óptima (ya sea con sus propios rieles deslizantes o soportes fijos, ver imagenes adjuntas). 
",MEL4,IEE4,YU VILLALBA ALOYSIUS,S1,,,Não,,202508.0,,,,,,,,,,,,,,,,,,
28805,SPG,,M066Y039,SERVIDOR SIRI-UTA00-SRV01,1351.011-7,,2023-12-28 16:58:28,"Solicitamos verificar a possibilidade de instalar um UPS para o servidor SIRI-UTA00-SRV01 instalado na sala REDOM, no terceiro piso do edifício de produção. O mesmo tem sofrido de falta de energia elétrica e já apresentou falhas devido a esses eventos. SSA de referência 202320072",MEL4,IEE4,EDUARDO SACHWEK FONTANETTI,S2,,,Não,,202509.0,,,,,,,,,,,,,,,,,,
28811,SPG,202317589,A033E001,PAINEL SMT-WEB,3210.001-7,,2023-11-29 10:17:08,"Solicitamos análisis y parecer respecto al pedido de la SMIE.DT para realizar la conexion de un computador de la sala de monitoreo de la GIS al sistema SMT-WEB via la red SIRI.
Ref SSA 202317049 / 202317589",MEL4,IEE4,LOBO MARTINEZ JUAN ALBERTO,S3.1,,,Não,,202506.0,,,,,,,,,,,,,,,,,,
28969,SPG,202507176,E114P006,GATEWAY RTU 2S-L1314-2CRL2-GTW1,2980.010-3,,2025-07-07 15:04:28,"Verificar e corrigir pontos inválidos referentes a função 68 das linhas YZU1 e YZU2, enviados do Gateway com a qualidade ""Qb0:11"" para o Sistema SCC. Verificar como que o Gateway recebe do IED estes pontos.",MEL4,MEL4,OTAVIO ALEXANDRE NICOLAU,S1,,,Não,,202532.0,,,,,,,,,,,,,,,,,,
28970,SPG,202507048,E114P006,GATEWAY RTU 2S-L1314-2CRL2-GTW1,2980.010-3,,2025-07-07 14:14:59,Verificar e corrigir falha de telemetria dos pontos de tensão e frequência das proteções PP e PA da LI YZU2 recebidos nos Sistemas SCC e SCADA.,MEL4,MEL4,OTAVIO ALEXANDRE NICOLAU,S1,,,Não,,202532.0,,,,,,,,,,,,,,,,,,
28990,SPG,,T075Q002,SERVIDOR BITRAS1 - EMS SCADA E APLICATIVOS,0921.051-7,,2025-06-09 09:05:40,"Solicito parecer técnico para inclusión de puntos de supervisión referente al modulo D20C de las remotas UTR534, UTR540, UTR632, UTR640 mas detalles en anexo.
",MEL4,IEE3,SALINAS MARTINEZ PABLO CESAR,S1,,,Não,,202532.0,,,,,,,,,,,,,,,,,,
28998,SPG,202506502,M066W037,UPS E BANCO DE BATERIAS - UTA01,1354.016-0,,2025-05-09 07:41:05,"Verificar motivo por el cual la UPS no conmuta/asume la carga con su banco de baterías. Reparar y realizar ensayos de funcionamiento. SSA surgida a partir de la SSP 20251111.
",MEL4,ILA2,ROJAS VIGO ALDO DARIO,S2,,,Não,,202528.0,,,,,,,,,,,,,,,,,,
29083,SPG,,M066Q040,RACK UTA-20,3204.022-5,,2024-11-12 11:11:14,"Se solicita parecer técnico para verificación/corrección de aterramiento en los Acces Point LAP01, LAP02, LAP03 y LAP04. Fueron verificados durante la etapa de Comisionamiento WIRELESS UTA20 - SIRI que los mismos no se encuentran aterrados. Foto de referencia en Anexo.",MEL4,IEE4,ROJAS VIGO ALDO DARIO,S3.1,,,Não,,202508.0,,,,,,,,,,,,,,,,,,
29148,SPG,202305844,M066Z040,RACK UTA-21,3204.021-3,,2024-04-15 16:52:07,"Verificar a falta de SFP industriais compatíveis com switch, conforme indicado no workstatement.
Detectado durante execução do comissionamento (SSA 202217201).",MEL4,IEE4,RODRIGO DE PONTES ADACHI,S2,,,Não,,202507.0,,,,,,,,,,,,,,,,,,
29636,SPG,,M045A013,TERMINAL PORTATIL - DECT E ACESSÓRIOS,1056.015-2,,2025-07-09 14:15:01,"Solicito sustitución de TMR actual modelo NEC G566 el cual esta presentando fallas de funcionamiento por obsolescencia.
Para JUAN ALBERTO LOBO SMME.DT/MEL4 MAT 120222-2 INTERNO 4871/2528",MEL4,MEL3,LOBO MARTINEZ JUAN ALBERTO,S3.12,,,Não,,202528.0,,,,,,,,,,,,,,,,,,
30220,SPG,,Z099,DIVERSOS,,,2024-04-22 11:02:02,"Providenciar compra de microdisyuntores para reparo de modulo SIEMENS ""6EV5XXX"". Definir cantidades necesarias, se anexa planilla con levantamiento de unidades instaladas en campo. Verificar la viabilidad de incluirlos en el stock (Almacén).
Referencia de compra piloto SSA:202300621.
",MEL1,IEE1,LOPEZ GONZALEZ ALEJANDRO ANDRES,S3.9,,,Não,,202613.0,,,,,,,,,,,,,,,,,,
30286,SPG,,G074G001,QUADRO DE CONTROLE COMUM 3C1,0244.010-5,,2025-06-16 11:06:50,"Atualizar e disponibilizar no arquivo técnico os desenhos: 6609-DC-04105;  6647-DC-00001 e 6607-DF-91491 revisão geral. Referente as SSA´s 202508499, 202507311 e marcações do desenho de campo.",MEL1,IEE1,VANDERLEI TARTAS,S1,,,Não,,202530.0,,,,,,,,,,,,,,,,,,
30325,SPG,,G074G001,QUADRO DE CONTROLE COMUM 3C1,0244.010-5,,2025-03-10 15:22:18,"Atualizar desenhos conforme anexo. SSA origem: 202502657
Desenhos: 
6607DF91491 folha 07 e 17
6609DC0112
",MEL1,IEE1,THIAGO RATTMANN DOS SANTOS,S3.4,,,Não,,202528.0,,,,,,,,,,,,,,,,,,
30383,SPG,,E114L002,PROTEÇÃO DIFERENCIAL DE LINHA - IED PP5L14 - 7SL87,1594.002-1,,2024-02-06 10:17:02,"Con referencia a las SSAs 202310994, 202310985, 202310985 relatadas en el RAP 03/2023; solicitamos apoyo para verificar en el registro de log de eventos del IED la correspondencia de las siguientes señales (Ref.: Tabla 3, página 14 del RAP): Power system: TC Central: Brk.wire det.: Phs C BW suspected, Line 1: Mes.v.fail.det: Alarm Line 1: Mes.v.fail.det: Asym.fail.-inst.alarm, con las señales catastradas en la BD del SCC.  En anexo archivo de apoyo con un análisis preliminar.",IEE3,IEE1,VILLAR RIVAS ALBERTO,S3.1,,,Não,,202503.0,,,,,,,,,,,,,,,,,,
31071,SPG,202414025,T081A002,UNIDADE ALIMENT. ININTERRUPTA 60 Hz (UPS-CE02) E ACESS,3015.002-5,,2024-10-04 14:54:31,Ensayar módulo de potencia SYPM10K16H NS. PD1616141163. El mismo ya ha pasado por mantenimiento.,ILA2,MEL3,NUNEZ GADEA JUAN JOSE,S3.10,,,Não,,202551.0,,,,,,,,,,,,,,,,,,
31254,SPG,202507452,M084B008,LIMNÍMETRO,0395.037-3,,2025-07-11 16:28:39,Substituir sensor limnímetro que apresenta falhas de leitura. Derivada da SSA: 202507452,MEL3,MEL3,FABRICIO MARCATO,S2,,,Não,,202529.0,,,,,,,,,,,,,,,,,,
31255,SPG,202507455,M086B008,LIMNÍMETRO,0395.012-7,,2025-07-11 16:28:56,Substituir sensor de nível que está apresentando falhas de leituras. Derivada da SSA: 202507455,MEL3,MEL3,FABRICIO MARCATO,S2,,,Não,,202529.0,,,,,,,,,,,,,,,,,,
31260,SPG,,B020L012,FONTE ALIMENT. ININTERRUPTA (UPS-18A) E ACESSÓRIOS,1118.003-6,,2025-07-01 17:35:24,"Verificar y solucionar iluminación interna inoperante, referente al panel ¨UPS - 18A¨.",OUO6,MEL3,DEIBELE COLMAN JOSE EMILIO,S1.1,,,Não,,202530.0,,,,,,,,,,,,,,,,,20 - ILUMINAÇAO DEFICIENTE/DANIFICADA,
31267,SPG,,M045A010,ESTACAO RADIO BASE (ERB) - B712L E ACESSÓRIOS,1055.003-0,,2025-06-24 05:38:50,"Verificar y solucionar motivo por el cual el soporte del equipo de la red de comunicación TMR esta desacoplado y suspendido del techo solo por el conductor de conexión.
Ubicación del equipo: Casa de fuerza, elevación 98 enfrente a los paneles EC-07 y EC-08.
Obs: Anormalidad recurrente en la SSA 202420269.",OUO5,MEL3,OJEDA ORTIZ CARLOS SEBASTIAN,S1.1,,,Não,,202529.0,,,,,,,,,,,,,,,,,15 - EQUIPAMENTO / ACESSORIO TRINCADO OU QUEBRADO OU DESACOPLADO,
31268,SPG,,M045A002,ESTACAO RADIO BASE (ERB) - B412L E ACESSÓRIOS,1055.001-0,,2025-06-18 15:40:24,"Realocar antena do TMR instalado na SDC,  devido as obras de reforma previstas para iniciar no dia 23/06/2025.",OSO0,MEL3,LUIS FELIPE WEISHEIMER,S3.1,,,Não,,202526.0,,,,,,,,,,,,,,,,,,
31269,SPG,,M028A003,APARELHOS TELEFONICOS,0413.006-5,,2025-06-23 14:55:01,"Verificar y solucionar motivo por el cual el teléfono fijo (sin ramal identificado) ubicado en la presa principal, cota 225, frente al servomotor de la UG09; se encuentra inoperante.",OUO1,MEL3,BRITOS DIAZ CARLOS MOISES,S1.1,,,Não,,202532.0,,,,,,,,,,,,,,,,,11 - COMUNICAÇAO - TELEFONE/CONSOLE/HOTLINE/RADIO COM FALHA,
31270,SPG,,M029A003,APARELHOS TELEFONICOS,0413.008-1,,2025-06-17 17:30:35,"Verificar e corrigir sinal sonoro inoperante do ramal 3124 localizado no eixo CD, El. 92,00 da Unidade 14 (poço da turbina)",OUO6,MEL3,RENATO DO CARMO ALVES,S2.1,,,Não,,202533.0,,,,,,,,,,,,,,,,,11 - COMUNICAÇAO - TELEFONE/CONSOLE/HOTLINE/RADIO COM FALHA,
31281,SPG,,M038A004,CABOS TELEFONICOS,0413.025-1,,2025-06-03 07:51:05,"Debido a la reforma del Edificio de Producción, realizar descomisionamiento de los cables telefónicos de todos los pisos. Aislar los cables en el DG-2.
Referencia de diseños:
- 6704-DC-0700-P
- 6254-DC-7001-P ",IEE3,MEL3,ACOSTA FERNANDEZ RAMON ARIEL,S3.5,,,Não,,202525.0,,,,,,,,,,,,,,,,,,
31293,SPG,,M045A013,TERMINAL PORTATIL - DECT E ACESSÓRIOS,1056.015-2,,2025-05-28 16:48:04,"FORNECER APARELHO TMR PARA O COLEGA WALDECK LUIZ MACEDO DE SOUZA, RECENTEMENTE INCORPORADO À EQUIPE DA SMMT.DT.",MET2,MEL3,VALDICLEI GAVA,S3.12,,,Não,,202524.0,,,,,,,,,,,,,,,,,,
32195,SPG,,M043B004,CONSOLAS TELEFONICAS - SDC - COTEL,2453.002-9,,2025-07-15 07:45:57,"El hotline ANDE HL 3 (vía FOX 615) presenta inconvenientes. No es posible realizar llamadas desde Itaipu, y las llamadas realizadas desde ANDE caen en el canal ""ANDE HL"".",OSO0,MEL3,ROY ACOSTA VICTOR JOEL,S2.5,,,Não,,202529.0,,,,,,,,,,,,,,,,,,
32203,SPG,,M067C003,MICROFONE SEM FIO DE MAO,2391.002-8,,2025-07-11 11:23:53,"Debido a la reforma del Edificio de Producción, realizar descomisionamiento del sistema de audio y accesorios del Salón Auditorio de la cota 145. Los materiales que poseen BPM pertenecían a OPUE.DT y fueron transferidos a SO.DT. Entregar los equipos a SOCM.DT. Ver en adjunto, solicitud de retirada de equipos y solicitud TBPM-650-2025.",IEE3,MEL3,ACOSTA FERNANDEZ RAMON ARIEL,S3.5,,,Não,,202529.0,,,,,,,,,,,,,,,,,,
32204,SPG,,M067C002,MESA DE AUDIO E ACESSÓRIOS,3232.001-4,,2025-07-11 11:24:39,"Debido a la reforma del Edificio de Producción, realizar descomisionamiento del sistema de audio y accesorios del Salón Auditorio de la cota 145. Los materiales que poseen BPM pertenecían a OPUE.DT y fueron transferidos a SO.DT. Entregar los equipos a SOCM.DT. Ver en adjunto, solicitud de retirada de equipos y solicitud TBPM-650-2025.",IEE3,MEL3,ACOSTA FERNANDEZ RAMON ARIEL,S3.5,,,Não,,202529.0,,,,,,,,,,,,,,,,,,
32205,SPG,,M067C001,CAIXA DE SOM E ACESSÓRIOS,3231.001-0,,2025-07-11 11:24:34,"Debido a la reforma del Edificio de Producción, realizar descomisionamiento del sistema de audio y accesorios del Salón Auditorio de la cota 145. Los materiales que poseen BPM pertenecían a OPUE.DT y fueron transferidos a SO.DT. Entregar los equipos a SOCM.DT. Ver en adjunto, solicitud de retirada de equipos y solicitud TBPM-650-2025.",IEE3,MEL3,ACOSTA FERNANDEZ RAMON ARIEL,S3.5,,,Não,,202529.0,,,,,,,,,,,,,,,,,,
32208,SPG,,M045A013,TERMINAL PORTATIL - DECT E ACESSÓRIOS,1056.015-2,,2025-07-09 14:15:01,"Solicito sustitución de TMR actual modelo NEC G566 el cual esta presentando fallas de funcionamiento por obsolescencia.
Para JUAN ALBERTO LOBO SMME.DT/MEL4 MAT 120222-2 INTERNO 4871/2528",MEL4,MEL3,LOBO MARTINEZ JUAN ALBERTO,S3.12,,,Não,,202528.0,,,,,,,,,,,,,,,,,,
34060,SPG,,A007C004,CUBÍCULO ELETRÔNICO DO REGULADOR DE TENSÃO,0027.007-5,,2025-04-08 15:08:16,"Realizar ajuste de tensión terminal mínima para desactivación del PSS en 70% de la tensión nominal y máxima para 120%, para esto, ajustar el valor de tensión del punto X14 del módulo 0077 a -3.5V y el punto X15 a -6V. A fin de dejar compatible con los modelos utilizados por la OPSE para simulación de eventos. Adjunto correo con orden de ajuste preliminar a ser implementada futuramente.",IEE2,MEL2,SANCHEZ ALVARENGA BLAS CIRILO,S3.7,,,Não,,202530.0,,,,,,,,,,,,,,,,,,
34213,SPG,202510235,A007D008,CUBÍCULO ELETRÔNICO DO RV TGC-07 E ACESSÓRIOS,0028.007-0,,2025-07-14 08:58:05,"Prestar apoyo a SMMG.DT para realiza ensayo de continuidad y aislación al cable AU07-1350. Realizar posteriormente la conexión de los cables 1 y 2 a los bornes 19 y 20 de la regla marrón, conectar los cables 3 y 4 a los bornes 222 y 223 de la regla gris, conforme muestra el diseño adjunto a fin de conectar las señales velocidad y potencia al sistema SVP. Realizar modificaciones en el TGC según diseños adjuntos a fin de disponibilidad las señales.",IEE2,MEL2,SANCHEZ ALVARENGA BLAS CIRILO,S3.7,,,Não,,202530.0,,,,,,,,,,,,,,,,,,
34214,SPG,,T014A007,SERVIDOR VIRTUAL RPMF-CRF-VM01,3138.047-9,,2025-06-27 14:35:11,"Alterar el parámetro ""GRUPO DE UMR"" para que las UMRs del mismo grupo disparen por intertrigger. 

UMR0102, UMROP01 -> Grupo de UMR: GENERADORES 50Hz
UMR1011, UMR1415, UMROP02 -> Grupo de UMR: GERADORES 60Hz
UMR3S1 -> Grupo de UMR: SE-MD

Verificar posteriormente que las UMRs del mismo grupo actúen correctamente por intertrigger. ",IEE2,MEL2,FRANCO PINANEZ VICTOR RAUL,S3.7,,,Não,,202532.0,,,,,,,,,,,,,,,,,,
34249,SPG,,N027A001,ESTRUTURA DA PONTE,0522.003-3,,2025-05-29 10:05:22,"Realizar el levantamiento de los parámetros detallados en el documento en adjunto para agregarlos a la Orden de Ajuste OA.1135 que se encuentra en elaboración. Anexar a la baja de esta SSA los archivos de configuración del CLP, de los inversores de frecuencia, de la IHM y del router.",IEE2,MEL2,FRANCO PINANEZ VICTOR RAUL,S3.7,,,Não,,202530.0,,,,,,,,,,,,,,,,,,
34250,SPG,,N038A001,ESTRUTURA DA PONTE,0522.013-0,,2025-05-29 10:05:43,"Realizar el levantamiento de los parámetros detallados en el documento en adjunto para agregarlos a la Orden de Ajuste OA.1134 que se encuentra en elaboración. Anexar a la baja de esta SSA los archivos de configuración del CLP, de los inversores de frecuencia, de la IHM y del router.",IEE2,MEL2,FRANCO PINANEZ VICTOR RAUL,S3.7,,,Não,,202530.0,,,,,,,,,,,,,,,,,,
34251,SPG,,N037A001,ESTRUTURA DA PONTE,0522.012-2,,2025-05-29 10:05:57,"Realizar el levantamiento de los parámetros detallados en el documento en adjunto para agregarlos a la Orden de Ajuste OA.1133 que se encuentra en elaboración. Anexar a la baja de esta SSA los archivos de configuración del CLP, de los inversores de frecuencia, de la IHM y del router.",IEE2,MEL2,FRANCO PINANEZ VICTOR RAUL,S3.7,,,Não,,202529.0,,,,,,,,,,,,,,,,,,
34252,SPG,,N030A001,ESTRUTURA DA PONTE,0522.006-8,,2025-05-29 10:06:20,"Realizar el levantamiento de los parámetros detallados en el documento en adjunto para agregarlos a la Orden de Ajuste OA.1132 que se encuentra en elaboración. Anexar a la baja de esta SSA los archivos de configuración del CLP, de los inversores de frecuencia, de la IHM y del router.",IEE2,MEL2,FRANCO PINANEZ VICTOR RAUL,S3.7,,,Não,,202530.0,,,,,,,,,,,,,,,,,,
34253,SPG,,N040A001,ESTRUTURA DA PONTE,0522.015-7,,2025-05-29 10:06:36,"Realizar el levantamiento de los parámetros detallados en el documento en adjunto para agregarlos a la Orden de Ajuste OA.1131 que se encuentra en elaboración. Anexar a la baja de esta SSA los archivos de configuración del CLP, de los inversores de frecuencia, de la IHM y del router.",IEE2,MEL2,FRANCO PINANEZ VICTOR RAUL,S3.7,,,Não,,202530.0,,,,,,,,,,,,,,,,,,
34254,SPG,,N044A001,ESTRUTURA DA PONTE,0522.019-0,,2025-05-29 10:06:51,"Realizar el levantamiento de los parámetros detallados en el documento en adjunto para agregarlos a la Orden de Ajuste OA.1130 que se encuentra en elaboración. Anexar a la baja de esta SSA los archivos de configuración del CLP, de los inversores de frecuencia, de la IHM y del router.",IEE2,MEL2,FRANCO PINANEZ VICTOR RAUL,S3.7,,,Não,,202530.0,,,,,,,,,,,,,,,,,,
34255,SPG,,N043A001,ESTRUTURA DA PONTE,0522.018-1,,2025-05-29 10:07:07,"Realizar el levantamiento de los parámetros detallados en el documento en adjunto para agregarlos a la Orden de Ajuste OA.1129 que se encuentra en elaboración. Anexar a la baja de esta SSA los archivos de configuración del CLP, de los inversores de frecuencia, de la IHM y del router.",IEE2,MEL2,FRANCO PINANEZ VICTOR RAUL,S3.7,,,Não,,202529.0,,,,,,,,,,,,,,,,,,
34257,SPG,,N052A001,ESTRUTURA DO PORTICO,0532.006-2,,2025-05-23 15:47:57,"Realizar el levantamiento de los parámetros detallados en el documento en adjunto para agregarlos a la Orden de Ajuste OA.1126 que se encuentra en elaboración. Anexar a la baja de esta SSA los archivos de configuración del CLP, de los inversores de frecuencia, de la IHM y del router.",IEE2,MEL2,FRANCO PINANEZ VICTOR RAUL,S3.7,,,Não,,202529.0,,,,,,,,,,,,,,,,,,
35011,SPG,202414025,T081A002,UNIDADE ALIMENT. ININTERRUPTA 60 Hz (UPS-CE02) E ACESS,3015.002-5,,2024-10-04 14:54:31,Ensayar módulo de potencia SYPM10K16H NS. PD1616141163. El mismo ya ha pasado por mantenimiento.,ILA2,MEL3,NUNEZ GADEA JUAN JOSE,S3.10,,,Não,,202551.0,,,,,,,,,,,,,,,,,,
35194,SPG,202507452,M084B008,LIMNÍMETRO,0395.037-3,,2025-07-11 16:28:39,Substituir sensor limnímetro que apresenta falhas de leitura. Derivada da SSA: 202507452,MEL3,MEL3,FABRICIO MARCATO,S2,,,Não,,202529.0,,,,,,,,,,,,,,,,,,
35195,SPG,202507455,M086B008,LIMNÍMETRO,0395.012-7,,2025-07-11 16:28:56,Substituir sensor de nível que está apresentando falhas de leituras. Derivada da SSA: 202507455,MEL3,MEL3,FABRICIO MARCATO,S2,,,Não,,202529.0,,,,,,,,,,,,,,,,,,
35200,SPG,,B020L012,FONTE ALIMENT. ININTERRUPTA (UPS-18A) E ACESSÓRIOS,1118.003-6,,2025-07-01 17:35:24,"Verificar y solucionar iluminación interna inoperante, referente al panel ¨UPS - 18A¨.",OUO6,MEL3,DEIBELE COLMAN JOSE EMILIO,S1.1,,,Não,,202530.0,,,,,,,,,,,,,,,,,20 - ILUMINAÇAO DEFICIENTE/DANIFICADA,
35207,SPG,,M045A010,ESTACAO RADIO BASE (ERB) - B712L E ACESSÓRIOS,1055.003-0,,2025-06-24 05:38:50,"Verificar y solucionar motivo por el cual el soporte del equipo de la red de comunicación TMR esta desacoplado y suspendido del techo solo por el conductor de conexión.
Ubicación del equipo: Casa de fuerza, elevación 98 enfrente a los paneles EC-07 y EC-08.
Obs: Anormalidad recurrente en la SSA 202420269.",OUO5,MEL3,OJEDA ORTIZ CARLOS SEBASTIAN,S1.1,,,Não,,202529.0,,,,,,,,,,,,,,,,,15 - EQUIPAMENTO / ACESSORIO TRINCADO OU QUEBRADO OU DESACOPLADO,
35208,SPG,,M045A002,ESTACAO RADIO BASE (ERB) - B412L E ACESSÓRIOS,1055.001-0,,2025-06-18 15:40:24,"Realocar antena do TMR instalado na SDC,  devido as obras de reforma previstas para iniciar no dia 23/06/2025.",OSO0,MEL3,LUIS FELIPE WEISHEIMER,S3.1,,,Não,,202526.0,,,,,,,,,,,,,,,,,,
35209,SPG,,M028A003,APARELHOS TELEFONICOS,0413.006-5,,2025-06-23 14:55:01,"Verificar y solucionar motivo por el cual el teléfono fijo (sin ramal identificado) ubicado en la presa principal, cota 225, frente al servomotor de la UG09; se encuentra inoperante.",OUO1,MEL3,BRITOS DIAZ CARLOS MOISES,S1.1,,,Não,,202532.0,,,,,,,,,,,,,,,,,11 - COMUNICAÇAO - TELEFONE/CONSOLE/HOTLINE/RADIO COM FALHA,
35210,SPG,,M029A003,APARELHOS TELEFONICOS,0413.008-1,,2025-06-17 17:30:35,"Verificar e corrigir sinal sonoro inoperante do ramal 3124 localizado no eixo CD, El. 92,00 da Unidade 14 (poço da turbina)",OUO6,MEL3,RENATO DO CARMO ALVES,S2.1,,,Não,,202533.0,,,,,,,,,,,,,,,,,11 - COMUNICAÇAO - TELEFONE/CONSOLE/HOTLINE/RADIO COM FALHA,
35221,SPG,,M038A004,CABOS TELEFONICOS,0413.025-1,,2025-06-03 07:51:05,"Debido a la reforma del Edificio de Producción, realizar descomisionamiento de los cables telefónicos de todos los pisos. Aislar los cables en el DG-2.
Referencia de diseños:
- 6704-DC-0700-P
- 6254-DC-7001-P ",IEE3,MEL3,ACOSTA FERNANDEZ RAMON ARIEL,S3.5,,,Não,,202525.0,,,,,,,,,,,,,,,,,,
35233,SPG,,M045A013,TERMINAL PORTATIL - DECT E ACESSÓRIOS,1056.015-2,,2025-05-28 16:48:04,"FORNECER APARELHO TMR PARA O COLEGA WALDECK LUIZ MACEDO DE SOUZA, RECENTEMENTE INCORPORADO À EQUIPE DA SMMT.DT.",MET2,MEL3,VALDICLEI GAVA,S3.12,,,Não,,202524.0,,,,,,,,,,,,,,,,,,
36135,SPG,,M043B004,CONSOLAS TELEFONICAS - SDC - COTEL,2453.002-9,,2025-07-15 07:45:57,"El hotline ANDE HL 3 (vía FOX 615) presenta inconvenientes. No es posible realizar llamadas desde Itaipu, y las llamadas realizadas desde ANDE caen en el canal ""ANDE HL"".",OSO0,MEL3,ROY ACOSTA VICTOR JOEL,S2.5,,,Não,,202529.0,,,,,,,,,,,,,,,,,,
36143,SPG,,M067C003,MICROFONE SEM FIO DE MAO,2391.002-8,,2025-07-11 11:23:53,"Debido a la reforma del Edificio de Producción, realizar descomisionamiento del sistema de audio y accesorios del Salón Auditorio de la cota 145. Los materiales que poseen BPM pertenecían a OPUE.DT y fueron transferidos a SO.DT. Entregar los equipos a SOCM.DT. Ver en adjunto, solicitud de retirada de equipos y solicitud TBPM-650-2025.",IEE3,MEL3,ACOSTA FERNANDEZ RAMON ARIEL,S3.5,,,Não,,202529.0,,,,,,,,,,,,,,,,,,
36144,SPG,,M067C002,MESA DE AUDIO E ACESSÓRIOS,3232.001-4,,2025-07-11 11:24:39,"Debido a la reforma del Edificio de Producción, realizar descomisionamiento del sistema de audio y accesorios del Salón Auditorio de la cota 145. Los materiales que poseen BPM pertenecían a OPUE.DT y fueron transferidos a SO.DT. Entregar los equipos a SOCM.DT. Ver en adjunto, solicitud de retirada de equipos y solicitud TBPM-650-2025.",IEE3,MEL3,ACOSTA FERNANDEZ RAMON ARIEL,S3.5,,,Não,,202529.0,,,,,,,,,,,,,,,,,,
36145,SPG,,M067C001,CAIXA DE SOM E ACESSÓRIOS,3231.001-0,,2025-07-11 11:24:34,"Debido a la reforma del Edificio de Producción, realizar descomisionamiento del sistema de audio y accesorios del Salón Auditorio de la cota 145. Los materiales que poseen BPM pertenecían a OPUE.DT y fueron transferidos a SO.DT. Entregar los equipos a SOCM.DT. Ver en adjunto, solicitud de retirada de equipos y solicitud TBPM-650-2025.",IEE3,MEL3,ACOSTA FERNANDEZ RAMON ARIEL,S3.5,,,Não,,202529.0,,,,,,,,,,,,,,,,,,
36148,SPG,,M045A013,TERMINAL PORTATIL - DECT E ACESSÓRIOS,1056.015-2,,2025-07-09 14:15:01,"Solicito sustitución de TMR actual modelo NEC G566 el cual esta presentando fallas de funcionamiento por obsolescencia.
Para JUAN ALBERTO LOBO SMME.DT/MEL4 MAT 120222-2 INTERNO 4871/2528",MEL4,MEL3,LOBO MARTINEZ JUAN ALBERTO,S3.12,,,Não,,202528.0,,,,,,,,,,,,,,,,,,
